rainfall_mm_hr,water_level_cm,drainage_stress_percent,elevation_m,previous_flood_count,citizen_report_count,report_confidence,flood_occurrence
63.1,96.4,73.8,902.2,8,10,59.7,1
40.4,77.5,64.8,887.2,13,9,66.1,1
37.6,71.6,55.6,892.1,11,9,62.8,1
37.6,58.7,42.5,910.9,7,8,72.4,0
119.1,106.7,93.7,904.0,10,13,77.6,1
75.0,87.8,63.8,922.9,3,10,62.2,1
31.1,59.3,43.9,912.2,7,7,64.6,0
65.0,68.9,60.3,911.7,6,8,66.5,1
53.2,126.7,88.8,881.3,15,17,92.2,1
6.8,42.3,18.1,907.2,6,4,55.8,0
19.1,46.4,24.0,897.4,7,4,50.2,0
55.9,103.0,88.0,891.4,12,13,79.0,1
112.1,120.7,100.0,900.0,12,13,87.6,1
37.8,46.5,36.0,909.3,5,6,66.9,0
29.2,78.4,64.6,904.0,8,12,76.5,0
48.5,79.5,61.5,887.5,12,9,73.7,1
27.9,75.0,58.6,906.9,10,10,73.6,1
35.9,82.3,63.8,890.3,12,9,68.2,0
44.4,63.2,49.1,900.6,7,6,69.3,1
18.3,71.5,54.9,894.4,9,8,62.0,0
77.5,97.7,84.7,895.4,11,12,80.4,1
15.5,22.7,17.5,907.2,7,2,40.6,0
13.8,80.6,56.9,885.5,12,8,69.6,1
51.6,42.8,36.3,921.3,2,5,55.0,0
73.6,126.0,88.8,876.1,15,14,81.9,1
50.7,91.7,74.0,890.8,11,13,79.7,1
41.1,79.4,56.3,902.4,10,10,59.7,1
35.6,67.1,56.0,905.0,6,7,54.9,1
31.3,64.4,49.8,896.8,8,7,69.6,1
89.2,87.7,76.0,897.3,10,12,79.2,1
56.3,72.5,63.3,902.9,7,11,84.6,1
33.3,60.0,42.9,895.2,10,7,56.4,0
26.1,59.3,47.7,914.7,6,8,72.5,0
68.0,68.1,59.8,908.1,8,8,70.2,1
87.8,117.9,95.8,908.5,10,13,88.4,1
82.8,110.1,85.8,886.4,15,12,78.0,1
22.5,84.7,66.4,897.0,10,10,73.7,1
35.4,68.3,57.2,894.4,9,9,64.9,0
30.9,87.9,67.4,885.9,13,9,68.6,1
39.0,69.5,49.7,902.3,8,9,67.3,0
77.1,104.2,82.8,891.5,11,12,70.6,1
105.6,101.4,87.3,905.9,10,11,76.6,1
57.7,100.9,83.6,885.2,15,12,84.3,1
26.8,32.1,18.9,918.6,4,6,68.9,0
43.6,114.7,85.0,887.2,15,13,76.5,1
118.2,98.1,85.2,900.6,10,12,78.4,1
47.7,77.4,61.6,907.5,6,12,77.8,1
35.7,118.3,82.7,891.2,11,12,87.4,1
38.0,61.3,48.0,908.2,6,7,75.3,0
57.6,111.7,86.2,883.2,14,13,73.6,1
23.2,63.8,43.5,915.4,8,9,73.1,0
30.3,77.6,58.9,898.2,9,9,73.4,1
82.0,119.8,94.4,890.8,14,14,83.0,1
56.5,106.7,86.6,894.4,11,13,73.8,1
48.1,72.9,54.4,907.7,7,7,68.8,0
84.7,114.6,94.3,891.0,13,12,85.9,1
25.5,88.8,62.7,889.0,14,13,78.1,1
34.9,115.4,84.0,895.3,12,14,91.4,1
55.2,99.8,80.4,883.9,15,12,78.6,1
53.9,29.4,30.1,919.8,5,5,67.5,0
12.6,80.3,56.7,891.2,12,8,75.9,1
32.4,84.4,63.3,908.0,6,10,72.9,1
39.7,72.2,49.8,900.5,8,8,69.9,0
59.4,92.5,81.5,886.2,13,10,68.8,1
53.8,100.1,82.4,897.9,12,11,66.1,1
42.4,102.9,82.5,907.4,10,11,77.3,1
6.7,65.0,39.1,895.7,12,7,55.8,0
43.9,44.8,35.4,912.3,6,4,68.8,0
46.8,93.2,71.4,910.3,10,10,79.8,1
160.0,98.9,84.4,909.0,9,11,74.9,1
38.8,88.5,73.0,892.5,13,10,89.0,1
55.4,100.7,86.9,885.0,13,11,72.0,1
93.7,114.2,100.0,890.6,13,13,79.0,1
74.3,92.0,71.1,900.4,9,11,73.4,1
108.3,100.8,88.3,904.5,10,13,81.0,1
12.8,115.7,90.5,875.0,18,12,76.7,1
19.5,62.8,46.2,897.9,10,6,64.5,0
28.7,83.5,60.6,899.9,9,9,64.2,1
10.8,60.8,35.3,894.7,10,8,68.2,0
47.1,56.2,52.5,913.5,5,6,58.5,0
20.9,45.7,35.4,903.1,6,6,62.2,0
117.3,68.4,62.4,913.7,5,8,60.9,1
23.7,94.9,72.2,895.4,11,11,70.6,1
35.0,59.0,47.8,909.2,7,7,77.4,0
77.1,62.4,56.6,917.6,6,9,64.7,1
15.3,32.6,24.3,913.7,3,3,56.5,0
10.1,79.3,65.8,884.9,12,8,64.2,1
51.1,99.2,77.3,895.0,13,12,72.5,1
53.9,85.5,76.8,893.9,10,12,79.0,1
75.6,103.0,87.1,903.9,9,13,76.2,1
64.2,84.8,71.5,906.2,7,9,73.3,1
55.3,92.9,73.5,887.9,14,10,72.3,1
26.0,77.3,63.5,898.8,11,10,81.0,1
52.9,103.8,82.0,875.0,18,12,70.8,1
55.1,79.1,59.7,915.3,7,8,69.1,1
25.2,80.2,55.7,891.9,12,8,69.6,0
138.1,170.3,100.0,898.7,11,17,86.6,1
62.2,91.5,69.6,894.3,10,11,71.8,1
19.8,43.6,33.5,911.8,5,4,47.7,0
75.9,126.8,100.0,875.0,16,15,77.6,1
84.4,94.1,80.8,897.8,12,12,77.9,1
59.7,81.4,63.0,896.7,11,8,72.2,1
37.2,87.0,74.2,892.6,11,10,72.2,1
24.4,52.1,43.3,918.7,5,6,61.3,0
42.3,76.9,65.9,887.4,11,9,62.4,1
56.9,47.9,31.2,907.3,4,5,46.4,0
45.2,117.4,91.6,902.3,9,13,83.5,1
111.4,108.7,97.9,913.1,7,13,77.4,1
68.6,96.0,86.8,890.0,14,11,65.0,1
22.2,118.0,79.6,889.2,12,12,75.3,1
18.1,40.4,37.4,911.2,4,5,60.5,0
62.6,78.7,73.3,903.1,11,12,81.0,1
37.9,114.2,76.5,879.5,15,12,79.8,1
72.5,94.6,80.3,891.5,15,11,71.6,1
62.2,112.9,92.4,902.6,10,15,90.6,1
42.5,47.8,38.6,908.1,6,6,61.7,0
22.4,76.4,55.0,889.8,10,10,67.7,1
11.2,80.0,61.7,875.0,17,10,66.3,1
52.2,70.3,54.5,904.3,6,8,68.6,0
15.1,80.2,58.0,883.4,17,9,75.4,1
21.6,112.2,86.8,875.0,16,13,85.0,1
50.0,101.1,87.9,875.0,16,12,79.6,1
46.7,70.1,59.3,907.8,7,9,74.0,1
16.8,88.5,65.9,899.5,10,10,87.2,1
90.5,118.7,95.0,895.3,15,14,85.9,1
89.0,93.0,74.2,914.7,6,10,73.9,1
63.9,78.5,70.7,905.6,10,10,76.3,1
63.8,79.6,65.2,917.4,7,9,74.7,1
63.9,110.2,93.4,881.3,15,14,76.2,1
83.9,122.0,97.4,897.6,11,13,82.5,1
69.7,140.4,100.0,878.6,16,15,93.0,1
23.9,84.1,65.3,895.2,11,9,80.7,1
37.5,51.1,41.4,895.0,8,6,61.9,0
160.0,112.8,97.8,905.5,9,14,81.5,1
7.2,47.9,44.1,898.5,7,5,60.0,0
31.0,51.1,37.7,905.5,5,5,55.1,0
90.8,105.4,92.9,906.4,11,13,90.8,1
25.2,34.5,32.5,923.9,0,5,61.9,0
71.0,83.0,63.2,894.2,9,9,69.9,1
46.3,106.8,77.6,886.7,15,12,85.3,1
26.7,47.6,36.2,901.0,6,6,54.9,0
5.8,66.4,43.5,888.4,10,6,49.4,0
51.2,63.4,61.2,915.8,5,7,67.1,0
23.5,83.3,61.5,894.6,11,11,82.2,0
41.1,104.7,84.8,891.2,11,13,80.5,1
63.5,87.6,74.1,892.3,12,11,71.7,1
79.6,62.8,57.7,906.6,7,8,61.7,0
31.0,96.8,73.4,896.1,10,12,71.2,1
26.6,78.4,65.7,890.3,13,8,71.4,1
14.9,27.0,17.2,918.0,2,4,61.1,0
82.1,110.4,99.2,887.7,13,12,84.1,1
156.6,104.6,91.2,898.4,11,14,84.2,1
87.9,122.4,100.0,905.8,12,14,77.3,1
100.5,180.0,100.0,878.4,18,17,88.3,1
25.4,53.4,40.0,903.8,8,5,62.6,0
61.0,118.9,93.9,885.3,15,15,80.8,1
75.3,107.2,84.8,907.9,7,11,75.2,1
0.4,61.7,42.8,886.4,10,7,58.5,0
18.9,80.5,52.9,906.3,6,10,68.8,0
122.5,109.0,90.7,911.3,11,12,71.7,1
12.4,37.5,30.9,908.3,4,6,61.9,0
110.6,84.5,76.6,901.0,13,10,64.2,1
12.3,72.4,49.7,895.2,10,7,60.0,0
19.7,74.7,62.5,891.1,10,10,78.1,1
61.7,73.6,55.3,915.7,6,8,73.7,1
47.1,115.9,87.4,889.6,16,13,85.4,1
33.3,92.0,67.6,885.6,13,11,84.3,1
119.5,124.0,100.0,906.0,10,13,73.5,1
15.2,68.2,50.8,888.4,10,8,66.9,0
40.0,107.5,81.6,886.6,15,14,84.7,1
67.0,129.9,92.8,880.7,15,16,100.0,1
54.7,94.5,79.5,892.2,11,11,74.4,1
27.3,70.9,53.3,897.0,9,8,72.2,0
28.1,40.5,33.5,900.9,9,5,69.2,0
78.8,74.2,60.7,909.4,6,8,68.2,1
81.2,88.6,70.4,904.3,8,9,67.4,1
55.7,98.4,85.5,895.7,11,12,76.3,1
22.7,69.7,43.9,895.6,9,9,59.9,1
28.8,71.7,49.8,904.1,8,7,61.8,1
44.1,41.8,43.6,913.3,7,5,50.5,0
48.8,71.5,61.2,899.5,11,10,77.7,1
65.2,96.2,76.3,892.4,11,10,63.6,1
38.5,85.7,72.7,886.1,12,9,72.6,1
77.7,114.1,94.7,880.7,18,12,85.4,1
77.1,102.8,85.5,906.0,10,12,83.0,1
102.7,94.7,83.6,904.9,14,11,72.9,1
45.5,85.5,69.7,904.9,10,14,88.8,1
56.3,116.1,93.2,896.5,13,12,78.7,1
40.7,62.5,61.4,914.9,7,10,70.3,0
23.0,60.2,45.1,892.2,9,7,62.4,0
154.4,95.2,89.8,909.5,9,12,81.3,1
94.5,119.8,92.9,897.5,11,13,72.1,1
76.1,113.3,91.4,890.7,16,13,78.4,1
44.4,75.8,69.7,905.1,8,8,69.6,1
21.3,63.6,53.2,902.9,10,7,61.5,0
85.0,75.0,63.2,902.3,7,10,65.2,1
40.1,105.3,80.7,899.0,9,13,76.1,1
59.8,97.4,71.5,897.5,10,10,74.0,1
28.7,91.8,64.5,926.7,3,9,73.1,1
53.3,58.6,50.3,912.2,4,6,68.3,1
30.1,84.9,62.2,906.7,6,9,74.9,1
31.1,59.7,41.7,899.3,8,6,66.4,0
52.8,52.2,47.4,910.1,6,6,50.3,0
12.1,47.4,35.0,904.2,6,6,66.3,0
12.7,42.9,24.4,898.3,6,5,55.9,0
25.1,88.2,55.9,894.4,10,9,61.6,1
38.2,101.3,74.6,897.0,11,12,81.9,1
79.2,120.7,89.4,875.0,18,13,82.5,1
39.8,78.6,52.3,900.5,8,10,78.3,0
44.2,83.6,71.5,892.1,11,9,67.0,1
36.0,50.9,41.0,917.1,2,6,61.8,0
56.2,103.9,80.7,898.2,11,13,70.6,1
22.8,85.4,62.9,883.7,14,9,82.0,1
41.3,73.7,52.7,897.4,8,7,56.6,1
59.3,98.9,81.0,885.4,13,12,73.7,1
52.6,97.6,76.4,903.7,8,11,69.6,1
45.2,80.2,59.8,901.5,10,8,68.6,1
45.6,50.7,39.7,909.5,7,7,59.5,0
63.2,85.2,63.7,888.5,13,11,82.3,1
159.0,160.5,100.0,898.4,11,19,100.0,1
24.1,123.5,89.9,881.6,17,14,75.3,1
160.0,127.5,100.0,906.4,9,15,91.7,1
23.2,70.1,53.4,904.2,9,8,72.9,0
5.0,51.8,37.0,903.9,7,6,57.4,0
29.7,100.3,76.7,898.0,10,12,71.7,1
57.0,90.5,77.3,903.0,8,10,75.4,1
138.8,109.7,100.0,917.3,6,12,82.6,1
21.3,66.7,55.2,894.6,10,9,64.2,0
62.9,59.7,47.5,899.7,7,6,67.3,1
14.0,90.3,63.5,885.0,14,9,66.8,1
135.7,150.5,100.0,887.6,16,16,96.9,1
95.7,108.4,94.5,899.2,11,12,69.1,1
31.1,61.1,44.6,911.2,6,6,57.4,0
105.5,139.2,100.0,894.9,13,16,88.5,1
41.1,94.8,68.6,895.2,12,10,67.1,1
98.9,123.7,100.0,893.1,12,14,84.0,1
45.0,69.9,56.2,891.6,12,7,62.5,0
46.4,72.1,51.1,901.5,10,10,71.7,1
31.6,99.0,72.7,880.0,16,10,70.6,1
68.5,82.2,79.4,913.4,6,10,65.3,1
48.9,93.9,74.8,890.0,12,10,72.9,1
63.9,77.5,76.0,906.7,9,9,69.4,1
11.0,92.4,59.9,882.8,13,11,69.7,1
101.1,107.4,95.0,906.0,9,12,86.1,1
117.3,95.6,72.6,906.1,9,13,83.3,1
48.7,63.7,52.4,902.6,10,8,71.7,1
152.0,170.5,100.0,886.1,15,18,90.5,1
130.5,103.9,97.4,901.0,11,13,67.5,1
69.5,91.7,71.4,883.8,14,11,86.3,1
106.3,112.0,100.0,895.0,12,13,82.4,1
89.2,90.9,75.1,910.4,9,11,78.0,1
8.3,47.4,34.0,907.6,7,7,66.5,0
36.5,76.2,57.3,898.2,9,8,69.8,1
72.7,91.5,70.1,886.3,13,11,69.4,1
122.2,137.8,100.0,905.7,11,14,78.0,1
13.1,59.4,44.3,898.2,8,7,58.4,0
8.9,96.3,75.0,875.0,18,11,79.1,1
43.0,82.6,70.2,907.4,8,9,62.9,1
5.5,69.3,45.1,897.7,11,7,55.4,0
41.9,64.8,58.3,912.4,5,8,63.5,0
57.9,113.3,91.5,884.9,14,13,79.8,1
20.5,97.5,67.0,875.0,17,10,72.7,1
42.8,67.5,56.5,901.3,8,11,72.9,1
84.0,123.3,94.9,901.5,10,13,84.3,1
29.6,99.3,82.8,877.7,16,11,82.8,1
23.5,87.6,69.7,886.3,12,11,76.1,1
41.4,47.1,39.2,931.1,0,6,68.8,0
18.7,62.5,53.4,894.3,13,7,67.9,0
145.0,129.8,100.0,906.8,9,15,81.3,1
46.0,85.7,63.8,890.2,11,9,65.1,1
25.5,95.9,70.5,875.0,16,10,67.6,1
52.2,119.0,100.0,896.0,13,15,85.9,1
41.2,78.7,56.6,894.8,11,9,68.5,1
37.9,106.7,72.7,893.2,11,11,79.4,1
29.6,63.7,42.3,896.6,10,7,63.7,0
28.4,76.6,63.1,901.2,9,10,74.5,1
11.2,49.6,33.8,896.2,7,5,52.0,0
106.2,138.4,100.0,882.8,15,15,88.4,1
66.5,76.7,68.1,903.8,9,9,67.3,1
55.8,125.0,96.1,875.0,18,14,80.9,1
40.7,107.2,83.1,875.0,16,12,74.7,1
20.2,45.5,38.0,906.9,6,6,70.9,0
24.3,50.4,37.2,904.1,6,6,54.7,0
12.5,51.9,37.8,897.3,7,5,63.1,0
26.8,79.3,61.4,881.3,13,10,72.7,1
17.9,73.7,59.2,889.5,12,9,62.0,0
126.0,120.9,100.0,894.8,13,14,82.4,1
80.4,147.4,100.0,878.8,16,16,75.8,1
47.4,63.3,55.4,889.1,11,7,74.9,0
22.1,102.2,80.4,905.8,9,11,73.6,1
18.7,38.1,30.8,915.1,4,4,62.9,0
38.8,77.7,62.2,893.0,10,12,86.7,1
82.5,73.9,61.9,907.1,10,8,64.0,1
12.8,100.6,75.7,875.0,15,10,73.2,1
65.9,65.6,60.7,905.9,7,7,65.7,1
26.7,68.0,52.4,888.4,10,9,81.6,0
30.7,68.4,65.5,901.7,9,8,66.3,1
46.4,81.8,57.1,895.0,11,10,72.7,1
22.7,94.0,70.8,913.8,5,11,67.4,1
37.4,84.1,59.3,887.5,11,10,67.6,1
21.1,46.8,40.7,905.5,7,6,58.8,0
28.4,68.3,44.8,894.6,8,10,80.8,0
74.4,74.2,57.0,896.1,10,9,81.6,1
48.1,89.2,67.2,895.8,11,9,73.2,1
74.2,141.2,100.0,887.9,15,15,89.1,1
26.4,65.5,47.4,897.8,10,10,77.1,0
66.2,108.1,83.6,897.2,11,13,77.3,1
9.8,59.6,42.8,900.9,9,11,84.1,0
46.4,52.2,42.7,899.0,10,7,56.0,0
69.2,71.3,68.3,907.6,8,10,70.3,1
9.4,36.5,30.7,909.1,8,5,62.9,0
26.6,90.8,66.7,885.4,12,11,72.9,1
46.4,68.7,66.1,908.4,8,12,93.4,1
86.6,112.6,95.2,883.8,14,12,82.6,1
28.4,57.0,39.8,905.1,6,8,73.3,0
64.5,80.6,68.0,905.4,9,9,65.6,1
110.6,126.6,100.0,875.1,17,14,90.0,1
66.5,124.6,94.8,899.1,13,14,89.1,1
38.5,84.5,60.4,892.4,11,9,79.6,1
58.1,105.8,84.1,888.9,14,11,62.6,1
27.8,62.5,46.6,914.2,7,7,59.9,0
47.7,103.0,87.5,890.2,15,12,80.6,1
39.9,99.1,79.9,888.3,12,12,80.8,1
56.8,92.3,70.7,898.9,11,10,72.7,1
32.6,58.8,48.7,906.2,6,7,55.4,0
59.0,82.2,73.4,896.3,11,10,74.2,1
32.4,33.9,21.9,912.0,6,4,58.1,0
79.9,85.1,67.1,904.4,8,10,73.0,1
34.9,108.6,82.1,875.0,18,12,78.4,1
5.7,48.4,35.3,891.6,10,6,67.5,0
19.2,61.8,46.4,891.3,11,7,63.7,0
45.4,60.3,48.0,903.8,10,9,62.7,1
125.3,168.5,100.0,875.0,17,18,100.0,1
77.9,75.7,67.2,928.6,1,9,78.3,1
4.4,69.2,55.3,904.4,8,9,70.0,0
11.7,59.1,41.2,899.8,7,7,69.9,0
93.7,87.3,88.1,912.2,7,12,69.5,1
68.9,52.1,57.1,926.1,2,7,63.7,1
160.0,123.6,100.0,908.4,8,13,71.1,1
31.4,69.5,57.1,909.4,9,8,74.1,0
22.3,74.6,66.3,899.6,11,10,64.0,1
47.2,97.9,75.0,896.3,11,11,73.3,1
30.9,72.8,52.0,892.3,10,7,65.9,1
88.2,121.1,96.4,888.1,15,14,89.1,1
30.1,71.9,50.4,889.8,11,7,67.8,0
36.5,93.2,72.1,881.8,16,11,82.7,1
19.8,78.7,60.2,897.1,12,10,77.8,0
74.5,109.4,89.7,877.8,17,12,86.5,1
20.9,57.5,43.8,900.3,7,6,51.3,0
59.8,127.0,99.6,897.6,12,14,81.3,1
138.8,141.3,100.0,899.8,12,15,89.7,1
8.1,88.3,66.9,891.7,12,11,85.2,1
113.9,96.4,90.0,934.9,5,12,75.6,1
54.6,80.0,65.8,914.3,10,10,84.8,1
17.1,69.9,44.0,883.1,11,7,66.7,0
48.5,83.2,57.2,900.8,7,9,65.9,1
73.1,103.2,94.5,890.7,14,13,74.5,1
23.6,117.9,84.4,885.8,14,12,83.0,1
62.1,103.8,79.8,881.9,16,13,77.6,1
120.0,107.9,95.7,903.2,11,13,79.8,1
30.0,89.5,70.7,889.8,14,10,74.0,1
19.6,52.8,43.7,909.6,7,7,65.8,0
40.8,89.5,78.4,909.9,7,12,90.1,1
46.7,79.3,70.7,914.5,9,10,75.4,1
91.1,132.0,100.0,887.8,13,16,86.2,1
39.8,43.4,41.6,903.7,9,8,62.9,0
32.2,49.3,37.8,905.6,6,6,71.8,0
19.1,93.5,68.4,892.3,10,11,72.7,1
9.5,62.3,40.1,888.7,11,7,68.1,0
14.4,20.5,8.2,917.3,3,5,60.2,0
14.3,37.2,28.3,900.7,7,5,61.5,0
36.8,84.9,60.9,905.6,7,9,78.6,1
11.4,74.4,59.1,888.1,11,8,69.1,1
43.0,108.6,82.0,883.4,16,11,80.7,1
136.9,147.4,100.0,891.2,12,16,91.6,1
92.8,100.3,91.8,896.5,12,12,75.9,1
36.5,86.5,59.3,885.2,12,10,76.0,1
160.0,139.3,100.0,897.9,11,15,83.1,1
46.8,84.8,68.0,877.7,15,10,66.0,1
51.6,106.0,84.4,884.6,13,13,84.9,1
40.2,71.6,62.2,906.1,7,8,70.2,1
43.7,62.4,55.1,905.2,6,8,69.6,0
29.2,75.8,58.6,893.3,11,9,70.1,0
36.9,98.5,76.8,885.8,14,12,78.2,1
114.4,148.2,100.0,885.7,14,15,80.5,1
99.3,100.8,78.9,893.5,11,13,70.2,1
5.4,43.3,30.7,905.7,7,5,64.3,0
12.7,39.1,30.8,909.1,6,6,67.0,0
23.8,66.4,52.9,892.0,10,7,63.1,0
83.0,116.9,90.7,884.2,14,13,90.2,1
100.8,115.8,90.8,901.2,10,14,87.2,1
72.9,103.2,82.9,888.1,13,11,77.8,1
17.0,62.6,56.8,891.8,11,9,82.3,0
29.7,70.9,50.6,913.9,4,7,57.1,0
62.8,83.4,74.4,907.9,7,10,72.7,1
37.4,70.6,63.5,899.9,8,9,65.1,1
33.6,108.2,81.9,882.7,17,11,73.6,1
34.0,87.4,63.6,900.5,8,9,69.8,1
94.6,80.4,73.7,910.8,9,10,72.7,1
67.2,127.2,100.0,893.5,12,15,80.6,1
35.4,30.2,22.4,914.2,2,5,59.4,0
56.4,56.4,45.1,913.5,6,6,56.9,0
15.0,28.5,24.7,918.0,5,3,60.6,0
29.8,56.6,49.2,901.7,10,8,72.0,0
88.8,111.6,90.7,905.0,9,13,83.5,1
10.7,33.8,25.2,915.0,2,5,56.1,0
67.8,68.7,62.1,903.4,10,8,68.3,1
5.3,69.0,48.8,892.0,11,7,68.8,0
126.6,121.6,100.0,892.6,15,13,79.4,1
29.2,50.3,36.2,900.9,10,7,55.1,0
59.2,82.2,63.2,882.5,13,9,74.5,1
48.7,92.0,85.8,896.3,10,10,76.2,1
49.9,68.5,55.0,911.2,6,10,74.9,0
55.7,124.4,100.0,875.0,18,15,82.4,1
8.9,27.3,29.1,916.4,4,4,62.0,0
50.6,100.0,77.5,911.5,9,11,82.7,1
39.0,104.0,81.4,892.5,13,11,77.5,1
29.3,66.1,51.7,904.5,8,8,65.0,0
23.8,63.4,40.4,898.0,10,6,59.5,0
51.5,68.9,48.8,912.8,5,9,67.8,0
19.8,43.0,33.7,909.8,5,5,56.4,0
87.7,98.1,80.5,881.2,17,11,73.7,1
62.2,79.9,75.4,905.0,7,11,77.7,1
53.7,77.2,61.5,895.5,12,10,78.4,1
85.4,109.7,100.0,899.0,11,12,87.3,1
7.5,56.6,38.8,889.3,11,7,59.1,0
14.6,22.0,27.3,919.0,4,2,46.1,0
64.0,65.3,58.4,910.5,6,8,72.5,1
25.0,82.9,65.3,889.1,11,10,67.5,1
27.6,107.5,77.7,882.0,14,11,68.8,1
12.7,75.9,58.6,893.4,9,8,61.7,0
19.8,45.6,43.7,903.2,9,8,66.3,0
89.0,102.4,85.1,900.9,11,13,91.2,1
63.0,72.1,58.8,913.0,8,14,83.4,1
51.1,114.3,87.4,907.5,11,13,83.0,1
28.5,50.9,48.4,909.6,7,9,63.0,0
48.9,88.6,74.3,901.9,9,11,82.2,1
94.0,120.7,100.0,881.3,15,13,86.6,1
25.5,72.6,56.8,895.7,10,8,64.6,1
43.7,54.8,45.6,910.7,6,7,60.5,0
131.6,114.3,100.0,897.4,12,13,87.1,1
72.2,78.5,71.8,904.0,8,9,68.8,1
28.8,82.0,61.2,894.2,10,8,63.4,1
68.4,90.1,80.9,885.6,14,12,76.4,1
10.5,70.2,53.1,896.5,8,8,68.8,0
42.4,85.6,55.0,901.7,7,9,74.6,1
68.4,97.7,83.9,890.1,13,12,80.5,1
58.5,91.8,67.4,895.2,9,11,77.4,1
68.0,111.0,93.1,886.7,16,12,77.2,1
78.1,70.5,66.2,911.4,5,8,68.3,1
61.6,61.6,54.5,894.5,9,8,65.1,0
60.4,53.9,50.0,915.4,3,8,65.8,0
52.0,57.9,54.3,916.3,5,6,70.3,1
17.9,89.6,63.7,897.0,11,10,73.3,1
89.0,90.3,81.2,885.9,16,10,70.8,1
43.5,126.3,100.0,875.0,18,15,83.0,1
71.1,124.4,100.0,880.3,15,14,71.0,1
83.1,93.4,73.1,881.5,16,13,93.9,1
29.9,58.8,48.2,914.5,5,6,75.0,0
32.0,75.0,53.1,899.4,11,9,74.0,0
35.4,76.7,54.6,902.7,9,9,64.0,1
99.9,124.9,100.0,875.0,18,14,100.0,1
21.4,69.5,52.8,883.6,12,9,61.8,0
111.0,71.1,72.7,908.6,7,8,69.8,1
51.6,101.6,78.0,901.4,11,14,73.9,1
54.1,71.8,58.3,896.2,9,8,54.4,0
80.8,89.3,76.4,904.8,11,12,80.0,1
47.6,31.5,25.1,917.6,1,3,55.6,0
89.6,113.6,90.3,895.3,11,13,82.1,1
29.9,59.2,52.0,898.8,10,6,70.8,1
108.7,95.0,80.9,900.3,11,12,78.3,1
31.7,39.8,38.9,926.7,0,5,63.9,0
111.4,112.2,99.2,875.0,18,12,73.9,1
32.4,51.4,33.5,906.2,5,6,69.6,0
36.2,57.6,48.9,896.6,9,6,70.1,1
19.3,48.2,39.7,904.8,8,5,57.5,0
24.0,69.9,55.2,890.1,12,8,69.7,1
43.7,68.7,54.5,897.4,12,9,66.0,0
52.9,80.2,60.0,906.5,8,10,71.7,1
85.4,99.5,90.0,935.0,2,11,80.2,1
38.1,75.5,58.7,907.7,6,8,70.3,1
58.5,95.1,71.7,887.8,15,11,65.4,1
50.5,92.1,75.1,892.9,11,10,66.2,1
63.0,116.3,88.1,892.6,15,13,77.9,1
27.0,90.3,63.3,876.5,17,13,82.7,1
29.5,84.5,62.4,894.0,13,11,70.3,1
27.0,35.5,25.8,906.8,6,7,56.1,0
96.2,123.3,97.2,882.7,15,13,65.6,1
109.4,102.1,92.7,910.6,7,11,88.3,1
28.6,70.0,53.3,903.9,7,7,65.8,0
29.0,97.4,79.6,889.2,13,10,64.3,1
68.9,84.3,65.8,896.3,12,11,82.0,1
117.1,98.7,78.9,917.2,7,11,84.8,1
133.3,113.6,100.0,906.8,9,16,91.1,1
27.6,74.3,66.0,898.1,10,9,73.9,1
33.3,84.0,67.1,895.1,9,11,83.7,1
54.8,77.9,79.5,898.9,13,9,73.8,1
56.7,90.0,73.9,891.9,14,10,76.8,1
39.2,119.8,91.9,875.0,17,15,77.8,1
23.4,29.3,13.5,922.5,4,2,34.2,0
43.7,71.6,59.4,899.9,8,10,78.2,1
133.2,140.9,100.0,902.8,11,15,85.7,1
29.9,69.9,52.0,897.3,8,8,64.7,0
52.5,103.5,80.5,889.2,14,12,84.4,1
160.0,135.0,100.0,895.8,11,16,84.1,1
29.5,95.7,71.3,878.8,15,12,78.4,1
71.1,54.4,59.6,925.3,3,6,62.1,1
136.7,142.3,100.0,883.2,17,17,96.7,1
67.1,113.6,91.4,885.6,14,13,83.4,1
91.9,146.4,100.0,892.7,15,15,89.1,1
77.4,72.8,67.1,913.5,8,11,73.4,1
63.6,88.0,72.7,898.2,12,10,70.7,1
107.1,147.4,100.0,883.2,17,15,89.0,1
69.6,67.4,48.6,913.1,4,10,70.0,1
39.5,57.9,48.2,906.8,5,7,59.6,0
49.8,75.8,59.6,904.5,9,9,77.9,0
58.0,68.5,56.9,906.6,8,9,66.2,1
33.1,71.8,49.9,926.7,4,10,70.2,0
51.4,49.7,50.1,924.2,1,8,74.8,0
46.3,92.1,76.5,889.8,12,12,74.5,1
69.5,60.2,60.2,917.5,4,8,69.3,0
159.8,169.7,100.0,902.6,9,18,97.9,1
53.5,74.3,63.6,904.0,7,10,72.5,1
119.0,156.3,100.0,877.7,18,16,87.5,1
67.8,80.0,76.1,896.0,12,11,69.0,1
51.2,116.0,85.2,888.2,13,14,88.0,1
31.7,57.2,44.0,907.9,5,6,68.4,0
51.5,54.0,49.5,910.9,7,6,67.8,0
49.3,121.1,97.0,875.0,18,15,89.2,1
25.5,75.6,60.2,897.7,10,9,58.3,1
28.9,34.4,26.7,911.5,5,3,58.0,0
58.3,87.2,67.5,895.8,10,10,72.3,1
118.2,106.9,100.0,906.7,8,13,77.8,1
42.7,91.8,71.2,902.2,8,11,79.7,1
12.1,43.3,31.7,902.1,10,5,60.4,0
4.5,69.2,46.1,894.7,9,8,73.5,0
19.0,95.0,71.3,883.4,14,10,75.0,1
72.3,147.2,100.0,884.5,17,17,91.0,1
14.6,70.0,51.7,906.5,9,9,68.1,0
79.9,103.5,87.2,898.2,14,12,82.3,1
69.7,92.7,84.9,896.3,12,11,67.8,1
41.6,82.4,61.6,892.9,10,9,67.2,1
25.7,74.1,56.6,894.3,10,9,57.0,1
37.3,99.5,72.8,910.6,7,11,78.3,1
57.4,72.3,61.3,894.0,10,8,71.3,1
15.0,102.1,71.7,881.9,13,10,68.4,1
110.8,88.2,76.4,906.9,8,10,66.4,1
57.0,80.2,58.0,895.5,9,11,81.5,1
61.5,78.1,65.0,898.4,11,8,63.1,1
69.4,28.4,32.7,917.3,3,5,62.9,0
104.0,109.1,100.0,897.8,12,13,81.3,1
51.6,83.7,69.3,901.5,11,10,69.8,1
72.3,104.6,82.7,883.9,14,15,90.5,1
26.1,94.4,64.0,895.4,9,9,70.4,1
133.6,112.1,93.3,905.3,10,14,93.2,1
49.1,107.8,77.2,879.3,15,11,71.4,1
26.0,66.7,60.5,900.4,11,7,56.7,0
31.7,78.1,61.5,899.2,8,9,70.1,1
7.0,39.9,26.4,898.5,6,5,61.9,0
31.5,54.4,38.5,910.4,8,5,57.9,0
3.1,46.0,28.7,902.0,7,4,67.0,0
75.8,48.7,42.8,915.7,3,8,74.7,0
60.2,119.5,100.0,886.1,15,14,81.0,1
20.0,99.3,73.2,899.6,11,11,76.2,1
43.3,78.3,54.7,899.0,8,8,56.6,1
44.7,107.3,94.2,885.2,14,13,87.7,1
16.5,45.0,28.6,909.5,5,6,57.7,0
37.9,48.2,36.9,925.9,1,6,63.0,0
45.7,77.3,68.2,897.8,11,8,65.9,1
37.2,52.4,44.7,904.1,9,6,52.9,0
26.0,85.2,61.9,899.0,10,10,78.0,0
19.3,80.1,53.5,889.4,10,9,63.8,0
36.2,123.3,87.9,876.2,15,14,81.1,1
28.6,81.9,57.8,889.5,11,8,72.5,0
66.3,119.8,94.9,881.3,15,14,78.4,1
108.1,78.2,72.6,918.4,7,10,81.9,1
82.5,110.3,89.8,896.6,10,13,75.5,1
46.8,78.8,62.7,893.8,11,8,60.4,1
26.8,38.0,25.6,908.7,5,4,56.5,0
81.0,116.5,96.1,884.5,14,16,99.6,1
69.0,87.7,78.9,888.8,13,10,73.0,1
103.4,103.8,88.2,898.8,13,11,81.7,1
51.6,42.1,36.7,910.3,4,4,48.2,0
129.2,122.0,100.0,904.0,10,13,79.2,1
51.6,48.6,47.8,901.0,9,6,60.0,0
26.7,63.8,44.7,898.9,10,7,57.0,0
30.7,97.9,81.2,902.8,11,12,69.1,1
64.2,84.1,71.3,900.4,8,11,74.4,1
28.5,146.7,100.0,885.6,14,16,99.3,1
128.7,117.3,100.0,898.6,10,14,85.5,1
60.7,121.3,89.1,885.1,13,15,82.9,1
46.1,59.9,51.9,899.0,8,6,49.6,0
48.9,94.7,76.6,892.2,12,11,73.6,1
36.9,41.7,30.4,928.5,2,5,56.4,0
9.3,80.4,60.7,897.5,9,9,72.5,0
30.8,89.7,69.6,881.1,15,9,68.7,1
118.8,127.3,100.0,896.4,14,15,90.8,1
52.6,54.8,51.0,904.2,8,8,72.0,0
88.7,47.6,44.2,918.1,3,7,64.2,0
90.3,98.2,84.4,890.9,11,11,75.5,1
43.5,121.3,91.8,879.0,15,13,81.6,1
69.8,80.9,64.7,907.8,7,9,59.7,1
10.4,86.1,65.0,881.4,14,9,74.5,1
112.8,117.2,98.9,892.8,14,14,94.4,1
107.0,139.3,100.0,894.9,13,14,84.6,1
63.0,97.8,69.7,897.2,10,10,68.3,1
53.9,71.8,62.9,906.3,7,8,67.4,1
44.0,79.5,56.8,889.8,13,9,67.6,1
95.3,109.0,92.9,894.7,13,13,81.6,1
75.2,93.5,77.8,897.8,9,11,73.9,1
33.9,76.6,57.5,899.8,11,9,57.3,1
17.2,67.4,60.1,899.2,9,8,68.0,0
14.3,79.9,59.6,903.2,9,9,83.5,1
94.7,89.3,81.3,908.1,8,10,65.0,1
43.3,120.4,93.2,902.7,10,14,90.8,1
62.3,67.1,55.7,903.4,9,9,72.6,1
47.4,111.2,85.8,879.0,16,14,78.7,1
14.5,37.2,35.8,898.6,8,4,48.1,0
10.7,69.9,56.6,903.8,9,8,69.0,0
32.2,63.8,59.7,906.7,7,9,72.4,0
34.3,78.4,61.8,889.7,12,9,61.2,1
34.3,63.6,45.8,890.1,12,6,67.4,0
35.1,87.8,65.3,891.1,12,9,67.2,1
153.2,123.5,100.0,904.4,9,14,87.2,1
87.8,87.2,78.7,910.4,7,10,77.2,1
53.1,101.4,76.9,893.1,12,11,81.2,1
42.5,68.7,39.8,908.9,5,6,55.9,0
43.6,90.3,82.8,899.5,9,10,85.1,1
73.4,102.2,80.6,896.5,12,11,70.3,1
42.2,83.8,62.8,895.5,9,11,81.2,1
82.1,93.1,86.6,907.0,8,11,72.8,1
57.1,98.3,72.2,901.9,9,13,81.7,1
154.1,88.4,91.4,925.3,6,11,75.1,1
40.4,89.8,66.8,887.8,11,10,75.8,1
91.8,97.1,75.9,904.2,8,12,84.9,1
18.6,63.8,56.5,891.6,12,8,63.7,0
27.3,76.9,63.2,887.6,11,8,62.1,1
141.4,138.7,100.0,897.9,14,15,74.6,1
79.8,86.4,75.0,899.6,11,9,71.3,1
63.1,61.5,56.0,933.0,0,7,63.6,0
160.0,175.7,100.0,895.8,12,19,98.9,1
42.9,104.7,81.2,884.4,15,12,78.0,1
91.7,122.5,95.9,901.3,11,14,88.8,1
96.1,139.0,100.0,875.0,16,14,81.2,1
122.5,116.9,100.0,896.9,12,13,83.5,1
16.7,69.1,57.2,898.2,8,7,64.4,0
42.7,59.2,46.4,907.5,6,11,70.0,0
56.5,95.7,75.2,909.7,10,11,71.7,1
121.3,149.5,100.0,892.0,14,17,98.1,1
61.4,99.7,79.9,896.2,11,12,83.5,1
96.2,105.6,93.1,888.8,13,12,83.0,1
15.4,79.9,62.9,884.5,14,10,72.0,1
35.7,73.5,60.2,901.7,10,8,53.9,1
106.7,109.6,90.5,882.7,15,12,68.6,1
39.4,86.2,63.7,893.0,11,12,77.0,1
45.3,99.9,81.5,886.1,14,12,69.5,1
120.1,128.2,100.0,904.6,10,16,96.7,1
22.4,35.0,27.3,919.6,3,4,51.3,0
26.9,69.5,51.1,882.4,12,7,63.0,1
13.9,117.5,91.2,875.8,18,15,97.4,1
123.1,131.1,100.0,896.5,11,15,93.2,1
86.7,114.9,98.1,898.2,12,14,86.3,1
85.3,121.2,97.9,900.6,11,15,88.3,1
35.0,80.2,56.8,892.6,11,11,71.3,1
12.9,79.9,66.6,895.6,9,11,80.4,1
9.6,68.7,50.7,902.4,9,7,65.9,0
107.2,86.5,73.8,910.5,10,9,69.4,1
66.0,127.8,93.4,875.0,18,13,85.2,1
74.6,97.8,74.0,893.6,12,10,77.0,1
54.7,92.5,71.9,900.6,9,13,75.6,1
24.3,87.9,75.5,887.0,14,12,84.1,1
36.2,57.9,43.5,918.8,5,8,66.9,0
19.6,89.5,73.6,890.4,13,14,84.7,1
17.5,51.8,38.7,897.5,12,10,65.1,0
82.2,84.9,66.5,904.7,7,10,65.3,1
10.5,65.5,45.6,890.9,9,7,55.9,0
19.7,102.5,69.1,875.8,14,10,87.4,1
37.8,107.0,77.2,892.9,11,11,89.4,1
48.3,75.9,56.6,910.4,6,10,62.8,1
13.7,86.5,53.8,894.0,13,10,63.9,1
60.9,94.6,83.7,887.8,13,11,72.7,1
52.6,85.9,69.8,909.1,8,10,79.6,1
106.1,116.5,95.0,894.0,12,14,88.0,1
48.9,89.8,72.1,891.9,13,10,86.0,1
65.1,96.1,73.7,899.8,10,10,71.2,1
25.5,48.3,24.7,907.2,6,5,54.8,0
26.4,39.4,46.6,926.6,0,6,62.1,0
15.1,68.5,51.8,907.9,6,10,72.0,1
25.7,39.2,28.7,911.9,5,6,61.6,0
35.8,87.7,57.9,891.9,10,9,70.8,1
99.4,144.3,100.0,885.7,16,15,99.7,1
22.6,72.8,63.2,898.7,9,11,76.5,1
158.4,141.6,100.0,899.3,12,16,83.4,1
69.0,86.8,75.6,885.1,12,10,71.3,1
59.8,110.1,81.4,895.9,12,14,88.6,1
46.3,67.6,62.4,902.8,8,7,68.2,0
40.2,69.2,57.3,902.3,9,9,73.5,1
28.9,64.5,53.3,904.1,7,8,57.2,0
13.2,36.4,30.0,901.5,6,6,52.4,0
23.3,92.5,61.5,891.9,11,9,69.4,1
122.9,124.8,100.0,891.8,12,15,89.7,1
66.2,99.8,78.1,883.6,14,13,76.4,1
122.2,90.1,85.4,919.4,5,12,87.6,1
28.3,86.3,58.5,898.2,9,11,79.0,0
19.1,85.6,62.6,895.3,10,10,69.9,1
45.9,119.8,90.8,886.9,13,15,100.0,1
24.0,44.4,39.0,933.2,0,5,56.2,0
52.9,74.5,64.1,885.1,13,8,65.2,1
10.7,72.8,48.2,892.9,10,7,62.1,0
6.1,59.4,50.2,903.0,10,8,67.7,0
58.2,63.5,47.9,905.2,8,6,55.4,0
125.1,101.1,95.8,909.5,8,13,85.8,1
60.0,61.0,49.4,919.7,2,7,69.8,0
65.7,82.2,68.9,904.1,9,10,77.0,1
47.3,121.6,94.4,885.3,15,13,78.7,1
50.6,79.5,64.9,894.9,11,8,64.7,1
12.6,61.9,49.1,901.7,8,7,68.3,0
24.8,27.7,25.3,922.8,3,4,57.5,0
98.8,169.1,100.0,881.2,16,18,90.6,1
35.2,65.0,53.7,912.4,6,8,55.3,1
97.5,88.5,71.0,900.2,8,10,70.6,1
49.6,78.4,64.3,908.1,9,10,76.1,1
51.4,95.8,72.7,896.8,10,10,76.0,1
35.4,112.3,79.3,887.9,14,11,66.7,1
72.3,77.9,64.6,907.0,6,8,72.4,1
84.1,110.7,91.9,905.9,9,12,89.7,1
23.7,68.0,52.9,909.7,5,7,62.5,0
13.8,67.0,54.8,897.8,9,7,63.4,0
7.5,63.2,52.5,890.8,10,7,61.5,0
63.6,120.2,96.4,879.3,15,13,79.3,1
58.8,67.8,59.4,907.8,7,7,71.9,1
160.0,89.8,88.1,903.1,9,10,68.3,1
47.5,80.2,67.8,886.4,14,10,74.5,1
41.6,98.7,78.6,891.5,14,10,71.3,1
54.2,99.0,78.0,892.4,15,10,74.1,1
56.2,104.0,92.9,880.2,16,14,82.5,1
39.3,82.2,61.4,888.2,13,9,75.1,1
24.3,107.1,86.8,884.4,13,14,90.4,1
45.7,70.1,49.8,893.1,9,7,66.8,1
44.5,93.0,76.6,889.1,13,13,80.1,1
44.0,92.2,79.1,878.5,15,10,77.7,1
77.3,70.1,51.7,922.3,2,8,62.9,1
45.1,43.2,38.1,913.0,4,5,61.6,0
14.1,69.9,55.2,888.7,12,7,61.5,1
27.6,66.3,52.4,901.3,8,9,71.5,0
38.9,77.2,62.4,903.0,7,10,67.2,0
46.7,64.6,53.4,912.3,4,7,71.7,0
64.5,112.7,84.0,888.2,14,12,71.1,1
46.9,64.1,64.3,911.1,7,8,66.6,1
6.2,63.2,43.2,891.4,11,6,52.9,0
15.7,132.2,98.2,882.0,15,15,94.0,1
67.5,87.2,68.7,906.7,10,9,79.5,1
38.2,85.2,54.7,913.5,5,9,63.1,1
49.9,41.0,31.9,929.1,0,6,63.7,0
34.6,87.3,59.8,883.6,13,10,71.2,1
27.5,61.0,52.8,906.4,6,7,67.7,0
35.6,102.9,75.2,893.1,12,12,88.1,1
50.3,72.8,56.6,907.4,8,8,69.7,1
44.9,120.5,86.8,880.4,16,12,74.0,1
83.7,102.0,85.3,882.8,15,11,71.7,1
11.6,59.4,40.2,888.7,16,7,62.5,0
13.3,68.6,55.5,898.9,9,7,60.2,0
37.8,80.3,64.1,890.3,11,11,80.4,1
65.0,85.9,67.7,905.9,7,9,75.3,1
74.6,62.5,59.7,910.3,6,10,80.6,1
28.4,79.4,60.5,905.2,7,8,64.9,1
2.2,51.3,36.8,917.4,7,6,68.7,0
29.2,67.5,44.9,903.0,6,9,80.3,1
58.9,102.3,80.9,883.4,15,13,73.4,1
44.3,59.6,50.5,914.4,5,8,64.5,0
66.6,107.3,92.7,890.7,13,13,80.8,1
96.6,103.6,84.1,908.9,8,11,80.7,1
39.8,49.6,52.5,916.9,4,8,75.4,0
31.8,63.2,52.3,903.5,9,9,59.8,0
21.6,82.2,53.9,880.0,15,9,66.2,0
13.2,102.0,70.0,887.0,13,11,82.7,1
10.0,46.3,41.4,913.9,3,5,53.9,0
26.2,63.6,55.2,896.0,10,10,77.8,0
88.3,94.9,80.5,899.0,11,11,79.2,1
70.9,120.7,96.9,907.1,9,15,91.7,1
30.6,67.3,46.4,906.4,9,7,69.3,0
159.3,122.5,100.0,901.3,11,16,87.2,1
27.7,77.0,53.7,895.5,10,9,68.6,1
102.5,139.6,100.0,894.2,12,15,84.9,1
118.0,108.0,100.0,908.3,10,12,80.0,1
61.6,88.9,72.4,904.6,9,10,60.2,1
26.0,66.6,55.9,894.9,11,8,70.3,0
33.9,58.8,55.9,911.0,8,7,74.9,0
51.1,64.8,54.9,896.5,9,8,68.6,0
13.6,87.2,62.9,887.8,14,9,69.5,0
19.9,76.6,56.9,888.9,10,9,70.6,0
18.5,79.8,55.6,886.3,12,10,76.2,0
64.8,114.2,86.8,894.7,12,12,85.5,1
96.0,96.6,85.0,912.8,6,13,81.0,1
72.8,110.9,88.6,888.3,15,14,83.2,1
86.0,84.2,74.2,900.3,11,9,62.0,1
24.3,86.2,57.3,890.1,13,10,73.3,1
35.0,112.1,84.2,894.9,12,14,77.0,1
37.1,126.9,100.0,879.9,18,15,83.7,1
61.5,103.7,77.1,895.4,12,11,81.1,1
26.8,88.5,66.8,895.7,11,11,81.9,1
82.6,91.5,67.9,904.5,7,9,73.0,1
115.9,92.3,76.2,900.7,9,12,85.9,1
63.6,96.1,81.7,883.6,14,13,71.5,1
33.9,43.2,34.2,911.0,4,7,74.4,0
22.5,92.6,78.1,900.5,13,10,67.9,1
18.5,69.0,53.8,900.4,7,7,66.4,0
6.3,58.1,44.7,897.9,8,6,57.8,0
37.9,107.5,76.5,891.8,13,11,77.7,1
36.3,68.2,51.8,900.6,8,8,67.5,0
79.4,82.9,67.0,903.7,9,11,82.6,1
28.3,111.3,77.8,877.0,18,11,90.6,1
39.5,86.6,70.6,891.5,13,10,78.3,1
54.7,81.7,70.4,894.9,15,10,72.3,1
62.9,80.5,68.4,901.1,8,11,85.0,1
73.5,69.5,56.1,912.3,7,8,57.2,1
51.0,104.6,83.4,888.7,13,13,77.9,1
14.3,68.7,41.2,892.0,11,9,68.8,0
59.2,92.8,81.2,891.8,13,11,74.1,1
26.7,103.0,70.5,888.4,13,10,68.6,1
98.9,130.8,100.0,893.8,13,15,91.2,1
45.5,75.1,60.6,907.2,7,10,73.0,1
53.2,105.0,83.4,885.4,13,11,75.0,1
160.0,136.6,100.0,903.1,11,14,92.7,1
74.3,140.6,100.0,877.6,16,17,89.9,1
58.5,116.4,96.9,891.3,13,13,87.6,1
40.4,74.6,50.5,894.0,11,7,63.0,1
15.5,22.4,10.8,918.1,3,2,49.1,0
38.3,128.1,96.0,894.7,13,15,82.4,1
22.3,110.2,75.1,875.0,16,12,69.9,1
124.9,180.0,100.0,875.0,17,18,91.4,1
59.0,103.3,76.1,898.4,12,11,65.1,1
96.6,123.2,100.0,905.4,11,14,85.7,1
27.6,63.5,54.3,902.5,9,7,62.7,0
23.7,78.5,65.4,900.0,9,9,76.7,1
69.6,98.1,89.3,911.9,7,12,74.2,1
21.5,83.9,63.1,891.5,10,9,68.7,1
31.9,57.2,40.2,908.7,7,7,71.9,0
128.6,160.2,100.0,878.4,18,18,100.0,1
32.9,89.9,65.8,887.1,16,11,76.6,1
12.5,81.1,55.8,876.3,15,10,66.8,1
8.3,59.9,44.4,894.7,8,6,65.3,0
11.1,65.5,46.5,897.4,9,7,62.9,0
100.3,107.8,87.6,899.4,10,12,75.5,1
29.0,56.9,43.4,898.7,13,6,69.8,0
160.0,155.4,100.0,886.9,14,17,100.0,1
116.8,130.1,100.0,895.7,14,14,78.9,1
148.0,146.8,100.0,880.0,17,15,97.3,1
87.5,97.6,80.7,914.4,5,12,78.1,1
67.2,122.4,96.0,894.4,11,14,88.9,1
23.0,77.1,52.2,892.1,9,9,81.2,1
44.7,58.4,47.4,917.1,4,6,60.8,0
71.7,98.9,81.5,883.1,15,11,77.4,1
84.0,131.2,100.0,884.5,15,14,88.5,1
16.8,72.4,54.2,884.8,13,8,76.9,1
38.7,81.7,59.3,897.2,9,8,67.5,1
42.1,90.7,80.6,903.2,11,11,80.7,1
40.9,88.4,72.9,906.9,7,10,68.4,1
18.9,30.5,27.2,928.9,0,7,55.7,0
137.2,180.0,100.0,875.0,16,18,91.3,1
37.8,71.0,57.2,905.3,6,8,63.3,0
20.1,65.7,56.0,891.3,10,7,70.5,1
139.4,150.2,100.0,891.0,13,16,89.4,1
116.8,119.4,100.0,890.6,14,15,83.3,1
49.6,90.0,74.4,887.1,13,11,70.5,1
31.2,45.3,44.6,918.2,5,9,67.7,0
10.2,55.5,48.4,908.1,7,7,70.1,0
63.8,77.9,67.7,898.3,9,9,64.9,1
29.5,61.6,50.7,914.2,7,8,66.6,0
43.9,103.3,83.3,879.8,15,11,73.5,1
131.7,126.0,100.0,882.0,17,14,86.3,1
27.8,93.4,76.8,875.0,15,11,86.8,1
62.0,113.6,88.6,889.6,13,12,74.7,1
74.9,106.6,93.3,899.9,10,13,83.3,1
98.3,110.5,94.7,899.2,11,13,81.3,1
41.6,75.0,62.6,899.8,11,9,67.4,1
38.4,96.4,81.0,881.1,16,10,73.3,1
37.8,63.0,54.0,907.6,9,7,75.5,0
58.0,62.0,57.2,900.9,8,8,67.0,1
113.7,85.9,76.0,906.8,7,10,72.6,1
36.5,85.4,73.4,875.3,18,10,70.7,1
3.1,58.3,45.2,901.7,8,8,69.9,0
80.5,127.8,100.0,883.7,17,15,81.0,1
47.0,67.7,60.5,893.2,14,8,68.1,0
63.9,64.3,68.1,904.4,8,8,70.1,1
10.6,57.8,36.7,899.1,9,5,53.9,0
29.6,91.3,65.1,887.8,13,9,79.8,1
76.2,90.7,89.1,898.1,10,10,82.4,1
15.0,103.9,78.0,879.6,14,11,89.3,1
61.9,69.7,59.6,911.8,6,10,76.4,0
43.6,78.0,61.2,895.5,11,9,72.7,1
24.8,40.8,38.7,911.4,6,5,58.5,0
23.1,55.8,56.1,891.7,11,7,65.0,0
19.1,57.5,40.3,891.7,9,10,78.6,0
46.9,98.4,76.2,888.8,16,10,73.1,1
50.8,73.2,57.8,908.5,9,8,66.5,1
33.8,83.8,68.1,889.5,11,9,73.6,1
18.0,49.2,43.6,905.7,7,5,55.2,0
60.7,85.6,77.9,893.4,11,11,85.3,1
81.5,129.8,100.0,875.0,18,15,87.1,1
68.3,99.8,93.5,891.2,13,12,83.2,1
151.8,180.0,100.0,883.9,14,19,93.4,1
39.1,83.2,60.6,898.4,9,9,69.9,1
106.7,135.0,100.0,883.7,15,16,87.4,1
26.8,74.2,57.2,909.1,7,8,65.3,1
23.4,65.4,43.0,896.9,9,6,55.0,0
48.9,78.2,61.1,895.9,9,10,79.3,1
122.0,140.1,100.0,905.9,11,16,92.7,1
35.9,61.9,46.0,909.6,9,6,53.3,0
10.6,53.4,34.3,897.8,9,7,63.3,0
80.4,93.6,77.3,888.7,15,12,77.3,1
42.3,108.3,77.7,876.7,16,11,78.2,1
55.3,86.8,73.0,889.8,12,10,72.1,1
24.4,72.6,45.4,890.6,12,7,71.1,1
48.6,120.0,92.8,899.3,13,15,92.8,1
12.3,68.6,53.0,893.9,12,8,80.6,0
138.6,102.3,92.8,906.3,11,11,62.4,1
90.4,109.9,96.9,890.6,14,13,89.6,1
47.1,94.5,67.2,897.3,10,10,77.8,1
79.0,66.4,55.4,912.2,8,7,63.5,1
26.8,39.1,30.1,902.1,10,5,57.5,0
87.8,108.7,93.7,897.3,15,12,78.1,1
34.7,78.5,61.9,890.8,12,8,68.9,1
32.8,90.9,80.0,890.4,13,12,75.4,1
20.2,71.6,49.7,887.8,11,9,60.6,0
60.2,99.4,72.5,891.5,12,10,69.9,1
45.6,74.8,68.8,907.1,7,10,71.4,1
108.9,119.5,93.9,895.3,11,13,84.8,1
18.2,102.8,79.0,881.8,14,11,68.7,1
60.4,65.6,50.6,919.2,3,9,74.1,0
96.1,119.0,88.3,901.8,12,12,71.4,1
51.5,126.8,95.7,881.1,16,17,95.0,1
34.2,74.6,62.4,892.7,14,8,70.7,1
50.6,79.8,58.0,899.3,12,9,69.4,1
103.4,67.8,66.4,918.5,5,9,70.5,1
103.4,143.6,100.0,884.7,15,16,94.0,1
41.0,75.4,53.2,909.7,5,8,63.9,0
102.2,76.6,68.5,914.8,9,11,77.7,1
44.1,84.7,74.5,890.5,13,9,68.1,1
78.4,101.6,87.0,894.7,12,11,85.1,1
65.2,99.2,78.8,885.6,14,13,84.7,1
33.1,68.8,55.8,895.6,10,7,58.3,0
20.9,114.3,80.7,897.6,14,12,89.5,1
97.7,98.4,89.9,905.9,10,15,93.0,1
115.5,89.2,86.1,911.1,8,12,71.4,1
59.4,111.8,88.7,889.0,12,16,80.6,1
44.0,108.7,84.7,875.0,18,12,71.2,1
16.2,57.7,38.3,897.7,11,6,55.9,0
96.1,95.0,74.9,901.5,8,10,73.9,1
54.7,105.7,81.2,901.0,11,12,79.1,1
36.8,84.4,64.8,894.1,13,10,77.4,1
79.9,110.6,95.7,899.5,10,14,82.3,1
13.6,31.2,28.7,916.2,2,3,51.8,0
19.4,79.3,60.0,902.6,8,9,70.9,1
26.0,80.1,66.6,893.5,10,12,85.4,1
63.9,123.0,92.0,892.0,13,13,70.0,1
51.0,103.1,86.1,896.0,16,12,77.1,1
69.0,67.4,54.1,917.6,4,7,72.5,0
91.9,114.9,100.0,895.8,15,14,84.6,1
70.7,98.2,80.1,897.8,11,11,74.0,1
140.4,149.3,100.0,892.2,13,16,84.9,1
91.8,86.4,78.6,911.2,8,11,81.2,1
41.0,31.7,32.6,921.5,2,5,56.1,0
29.4,68.8,50.9,903.4,8,11,72.9,0
41.9,68.8,53.2,899.0,11,9,78.4,0
72.3,88.2,72.6,898.4,11,10,66.7,1
32.0,127.5,85.5,875.0,16,13,91.2,1
73.7,67.9,47.4,906.9,6,7,65.6,1
68.2,137.9,100.0,899.6,10,16,89.9,1
20.6,51.1,35.2,903.1,7,6,63.5,0
90.7,113.5,100.0,889.5,16,15,87.1,1
58.0,95.3,83.0,893.4,13,13,78.2,1
136.1,151.1,100.0,893.1,14,16,91.9,1
44.2,60.9,46.5,910.3,7,7,61.7,1
35.6,69.3,46.4,893.5,11,7,67.2,1
18.4,39.8,25.5,923.0,1,7,78.5,0
18.1,54.0,38.7,903.2,6,5,63.0,0
83.7,106.7,76.2,882.7,13,14,83.1,1
127.6,129.4,100.0,896.5,12,14,85.7,1
41.5,93.4,71.4,890.2,14,10,71.1,1
39.5,106.3,74.7,875.0,15,12,77.5,1
47.1,64.2,47.4,917.2,4,7,63.9,1
94.7,101.2,84.8,906.4,11,12,81.5,1
20.8,80.0,61.6,904.4,10,11,81.2,1
53.1,77.8,58.6,900.0,10,8,80.1,0
85.0,137.6,100.0,881.4,16,15,90.9,1
63.3,110.1,88.2,892.2,13,13,74.8,1
1.8,50.4,36.2,908.1,4,6,54.1,0
70.9,90.0,71.1,885.4,13,11,75.4,1
63.7,135.7,99.0,875.0,17,14,90.2,1
106.6,109.6,100.0,895.3,11,13,80.2,1
121.2,131.6,100.0,896.3,13,15,85.8,1
103.2,121.4,100.0,899.6,12,13,86.8,1
47.3,74.7,59.6,906.7,6,10,72.8,1
10.1,66.2,47.6,905.7,6,7,70.8,0
39.3,66.0,55.1,901.1,7,7,55.6,0
46.2,62.3,41.9,912.3,6,6,64.7,0
126.5,130.7,100.0,879.8,17,14,73.5,1
24.6,52.0,36.6,904.1,6,6,63.4,0
14.0,56.2,39.6,905.5,11,6,67.2,0
32.1,100.0,71.3,883.1,16,10,63.2,1
25.7,122.0,91.9,880.0,17,15,73.2,1
12.7,69.8,51.8,889.0,10,9,75.3,0
42.1,103.4,86.5,890.1,13,13,84.1,1
47.6,76.4,73.6,907.0,9,9,63.6,1
12.0,53.6,33.5,890.6,14,5,60.5,0
35.4,95.3,73.6,887.7,14,12,75.4,1
24.4,73.1,56.2,890.7,13,8,66.3,1
48.7,52.9,44.7,911.4,7,7,63.0,0
52.2,84.5,62.3,898.2,9,9,62.2,1
24.4,62.0,43.0,895.8,13,6,67.2,0
90.2,122.8,100.0,896.7,12,13,75.0,1
45.5,51.3,38.5,913.5,4,7,65.2,0
25.4,69.5,53.8,889.0,12,8,71.3,1
11.2,16.7,12.3,913.8,3,2,45.6,0
54.1,79.8,65.4,900.5,9,9,68.6,1
63.6,89.0,67.8,896.1,11,9,67.1,1
30.8,65.9,52.1,928.0,1,8,77.7,0
49.8,98.5,72.8,885.3,16,11,81.3,1
121.2,149.2,100.0,893.8,12,15,91.6,1
81.1,121.9,100.0,883.2,16,15,100.0,1
4.8,37.5,28.6,909.4,5,4,58.3,0
25.1,45.4,37.6,918.3,4,6,59.8,0
40.6,28.6,30.4,918.0,3,4,47.6,0
47.4,82.9,58.8,912.7,6,11,71.6,1
50.6,85.9,77.0,895.6,10,9,71.2,1
60.9,114.3,84.8,893.6,11,13,87.0,1
41.6,122.7,97.5,877.9,16,14,80.3,1
45.4,37.9,37.4,922.4,2,6,71.3,0
83.9,102.2,80.5,903.6,8,12,69.4,1
54.9,100.2,84.2,892.1,13,13,79.1,1
16.8,34.0,29.1,913.9,5,5,61.4,0
48.5,88.2,79.2,886.3,13,10,73.8,1
40.7,60.7,50.1,902.9,7,8,70.3,0
7.1,74.0,52.9,895.9,10,7,65.4,0
50.2,61.3,48.4,905.7,10,6,65.7,1
18.8,69.7,43.5,897.2,9,7,63.1,0
84.7,122.7,98.0,880.6,16,14,82.4,1
60.3,89.6,71.1,898.9,9,12,73.7,1
16.0,57.5,44.4,910.6,6,6,74.8,0
82.2,98.4,74.9,897.6,10,10,72.5,1
107.7,107.0,90.8,907.3,13,13,84.0,1
37.1,100.6,79.7,885.5,17,12,77.3,1
40.5,95.1,76.8,897.7,12,10,82.6,1
77.0,112.3,81.8,890.5,12,13,81.3,1
102.6,90.8,83.2,907.0,9,12,80.6,1
9.4,65.2,46.3,898.4,8,8,62.2,0
17.7,44.0,32.9,906.3,6,4,66.8,0
32.6,57.7,34.0,911.1,7,6,63.1,0
35.4,91.5,77.6,906.3,8,10,83.8,1
75.5,87.2,74.0,901.3,11,9,66.6,1
103.0,143.5,100.0,886.0,15,16,87.1,1
107.9,128.6,100.0,898.0,12,18,92.2,1
9.2,105.6,77.9,891.6,14,12,76.9,1
23.2,81.9,67.6,893.9,12,10,77.0,1
28.0,65.0,48.7,893.5,11,8,55.1,0
23.2,64.5,49.3,886.2,13,8,67.1,0
60.2,125.8,94.9,875.0,18,13,76.7,1
65.2,110.6,91.1,890.0,13,13,76.1,1
45.0,114.2,83.8,900.3,12,12,81.4,1
42.0,98.1,71.3,881.8,16,11,77.6,1
33.7,55.1,43.7,898.2,8,6,67.0,0
36.8,29.8,20.5,920.8,1,4,58.5,0
120.3,73.4,78.1,910.3,8,10,74.1,1
71.8,96.9,89.0,917.7,5,13,78.0,1
34.7,75.3,56.3,902.7,9,9,64.6,0
41.4,49.9,34.6,912.0,3,5,62.6,0
61.1,104.7,85.0,889.3,13,12,77.1,1
15.9,88.8,62.9,890.3,13,10,75.4,1
49.7,113.0,93.4,875.0,17,13,81.4,1
69.1,80.3,63.3,912.2,7,9,57.9,1
63.3,88.8,75.1,916.5,6,13,84.3,1
23.6,93.4,70.3,891.4,11,11,72.0,1
27.4,77.2,55.4,895.0,10,10,78.2,0
6.2,89.1,65.2,889.0,12,9,59.0,1
74.1,84.5,75.4,902.6,10,10,84.4,1
153.0,83.6,82.6,911.5,11,10,69.4,1
20.9,77.9,58.8,877.1,13,8,70.2,0
91.5,79.4,65.6,902.9,7,8,63.1,1
144.6,133.1,100.0,894.7,14,15,83.5,1
31.2,60.4,52.7,899.4,11,6,65.9,0
41.4,73.8,56.5,903.5,12,8,66.2,0
53.6,106.7,83.0,895.7,12,12,77.8,1
62.0,95.8,84.2,896.8,11,11,80.9,1
55.7,107.4,78.8,895.4,12,12,79.7,1
33.1,52.6,45.2,909.6,10,7,67.3,0
68.4,81.4,65.1,903.0,9,10,69.3,1
33.7,48.4,48.2,900.6,8,6,65.8,0
58.3,107.1,84.9,882.7,18,11,76.5,1
43.8,65.5,59.3,893.5,12,9,72.8,0
8.2,43.3,28.1,908.8,6,5,61.2,0
100.2,94.7,75.9,898.5,9,12,85.4,1
28.0,58.2,44.3,905.9,6,7,67.6,0
106.7,83.2,76.2,919.2,5,11,68.8,1
89.1,87.9,73.1,910.5,6,9,66.6,1
52.5,80.4,68.7,899.1,10,12,80.0,1
64.2,88.1,71.0,891.9,11,9,72.6,1
69.5,147.3,100.0,875.0,17,18,87.5,1
38.6,76.0,62.4,896.0,11,10,67.0,1
40.0,95.5,69.2,894.1,13,11,82.4,1
67.2,89.8,71.9,902.7,9,13,93.2,1
44.2,80.3,71.3,896.2,11,9,60.3,1
33.2,89.8,77.5,894.2,11,12,80.1,1
23.9,109.5,78.2,876.6,18,13,81.7,1
59.5,90.8,76.2,886.7,13,12,84.7,1
27.2,68.2,49.7,903.7,9,9,73.2,0
79.4,55.3,49.6,918.6,5,7,69.6,1
83.9,115.1,91.0,896.8,12,12,64.9,1
63.8,73.9,53.3,901.9,7,8,67.4,0
73.0,71.0,61.7,909.4,7,9,64.8,1
63.9,113.8,91.6,888.3,14,13,76.1,1
76.5,78.0,63.4,902.4,7,9,62.8,1
74.4,101.5,88.5,889.1,12,14,85.6,1
57.3,52.8,43.8,908.4,6,7,66.6,0
89.8,98.9,80.4,899.8,12,11,79.6,1
39.7,61.3,52.0,901.6,9,8,65.0,1
24.5,73.3,47.9,888.6,11,8,75.7,1
23.5,27.4,27.4,906.5,5,4,50.6,0
35.4,62.4,47.5,923.0,3,6,53.2,1
7.0,88.0,68.3,885.9,14,9,71.5,1
52.2,82.8,72.9,893.9,12,9,66.1,1
70.1,113.9,94.4,900.8,11,12,81.8,1
83.1,105.6,83.2,907.4,8,11,71.9,1
10.1,74.5,48.0,891.3,10,8,63.9,0
24.2,100.7,67.8,875.0,18,12,74.6,1
77.9,82.0,75.3,914.3,5,10,68.6,1
38.7,64.3,50.7,907.1,7,9,70.2,0
69.0,118.5,91.3,877.1,16,15,88.4,1
15.2,70.7,51.7,890.7,12,7,60.2,1
105.9,85.0,81.5,916.8,6,10,66.0,1
14.1,65.5,52.4,915.4,6,9,73.2,0
51.1,71.7,60.6,909.3,10,8,69.7,1
52.0,82.5,69.4,895.9,10,10,77.3,1
30.5,55.0,44.5,899.0,8,7,58.3,0
62.3,73.5,63.0,896.4,9,8,62.4,1
63.5,93.5,76.8,911.5,7,11,80.7,1
58.9,117.9,92.3,887.5,15,13,86.8,1
30.1,84.7,68.3,888.3,11,10,70.5,1
25.7,55.2,44.7,910.1,4,7,58.9,0
32.7,72.9,52.1,897.5,10,9,66.0,1
22.9,42.2,35.9,914.5,5,4,50.4,0
92.5,98.2,84.7,889.9,13,13,86.2,1
34.9,65.6,54.8,897.3,9,7,68.9,1
50.1,103.2,80.1,886.9,14,13,81.9,1
77.7,108.9,92.8,898.1,11,14,80.1,1
22.0,98.4,72.7,880.3,16,11,70.5,1
13.6,85.4,66.1,892.1,10,9,66.5,1
22.9,86.9,62.7,880.8,14,10,67.7,1
54.0,72.5,57.5,906.3,9,9,71.6,0
51.5,60.3,53.4,906.6,8,8,72.0,0
58.9,118.0,90.7,877.2,16,13,86.2,1
41.5,47.9,51.2,914.0,7,7,59.3,0
3.0,34.2,27.5,928.0,0,3,49.8,0
40.5,68.4,54.6,898.6,10,7,61.3,1
84.5,105.9,91.8,890.3,16,15,93.1,1
98.8,49.7,47.6,931.9,2,6,53.8,0
47.8,95.9,79.7,882.2,14,12,78.6,1
51.6,97.8,81.5,898.2,9,12,73.4,1
68.2,85.9,77.4,900.2,10,10,71.9,1
97.0,77.8,67.4,914.1,7,9,74.4,1
44.8,67.2,48.2,902.3,8,8,65.5,0
67.5,101.1,78.7,892.0,11,12,74.1,1
29.1,108.5,79.8,886.6,12,12,83.1,1
15.5,53.5,48.5,893.9,10,8,68.2,0
31.5,92.3,81.1,885.9,13,11,78.7,1
111.3,105.3,93.0,898.6,11,12,80.2,1
68.5,112.3,89.8,891.2,12,12,71.3,1
16.9,87.3,62.6,880.1,15,11,83.6,1
70.6,71.4,65.3,913.1,5,10,71.8,1
18.0,85.3,74.0,892.0,13,13,86.5,1
58.3,106.0,92.8,882.8,15,13,79.3,1
21.3,63.3,53.7,896.0,10,8,70.8,0
16.0,68.8,56.7,898.8,8,8,73.5,1
123.1,168.5,100.0,877.0,18,19,100.0,1
34.9,74.5,57.8,902.0,8,8,68.0,0
67.6,125.1,95.1,885.4,14,13,79.4,1
46.2,47.4,40.4,918.5,4,5,50.5,0
19.3,61.1,48.3,904.3,7,7,57.2,0
37.7,71.9,49.3,893.2,10,7,71.3,0
19.5,79.2,58.3,889.1,11,9,65.3,1
160.0,122.6,100.0,896.7,13,13,86.2,1
75.8,82.8,75.1,905.4,10,11,81.3,1
45.5,86.5,65.4,897.7,11,10,75.7,1
65.2,87.9,73.7,895.4,14,9,72.5,1
72.6,85.7,68.1,898.7,10,10,66.0,1
72.7,100.2,89.8,890.8,12,13,73.3,1
70.7,80.2,58.9,893.9,10,8,63.4,0
67.1,131.7,100.0,875.0,18,14,94.1,1
48.2,44.5,32.4,909.7,5,4,64.4,0
117.2,119.8,99.9,901.6,11,14,84.4,1
50.4,98.5,78.4,888.7,13,10,80.8,1
46.5,66.3,55.2,920.8,3,8,61.8,0
50.7,94.7,75.8,899.0,9,10,70.8,1
53.3,114.0,89.5,885.6,13,12,88.1,1
10.1,70.4,48.2,908.3,7,8,80.0,0
22.8,57.7,43.5,902.8,6,7,69.2,0
41.5,66.6,53.6,902.7,10,8,57.9,0
9.6,66.3,49.4,892.9,12,7,72.7,0
45.5,84.2,66.2,903.4,11,10,71.4,1
52.8,81.1,69.0,894.9,12,9,74.5,1
14.9,58.8,44.3,904.7,10,7,65.2,0
27.5,116.4,87.6,875.1,17,15,93.0,1
101.3,105.3,87.9,892.8,13,11,76.1,1
65.7,53.9,42.7,918.7,2,8,83.8,0
63.2,127.9,100.0,888.8,14,15,92.8,1
93.5,123.3,100.0,890.8,12,15,79.5,1
23.1,71.1,56.0,892.6,10,8,57.3,1
14.9,81.2,55.7,883.4,13,8,57.4,1
85.6,128.8,100.0,875.0,16,14,87.8,1
42.4,57.8,45.6,895.2,10,6,67.6,0
22.6,75.1,60.1,899.6,11,8,51.7,1
10.1,53.6,37.7,897.4,8,5,66.3,0
51.1,71.9,60.4,896.3,10,9,72.3,1
38.9,62.3,47.4,898.5,10,8,77.1,0
34.1,64.6,48.4,910.3,7,7,58.8,0
4.4,72.3,44.0,895.7,9,8,69.1,0
116.2,138.7,100.0,891.1,13,16,91.5,1
12.5,66.8,51.1,894.6,11,7,60.0,0
36.6,85.9,68.5,905.0,7,9,62.6,1
32.1,56.0,45.9,914.9,3,6,67.4,0
67.0,128.2,97.1,890.5,13,14,85.6,1
10.2,48.5,40.7,899.2,8,6,64.2,0
61.7,79.1,70.3,902.1,8,11,84.0,1
51.3,82.9,62.5,886.1,13,9,70.0,1
26.4,84.6,66.6,898.2,10,9,72.1,1
60.3,121.0,99.1,880.4,18,13,83.5,1
45.4,117.8,87.9,876.8,16,14,86.5,1
133.8,116.7,100.0,902.4,12,13,72.9,1
38.8,77.5,63.4,893.4,12,8,67.3,0
20.2,49.8,30.7,900.4,8,9,77.2,0
62.1,88.9,66.9,897.8,13,9,69.4,1
35.3,84.2,60.0,886.3,13,9,67.4,1
44.8,83.6,56.9,897.5,8,8,73.2,1
15.0,75.1,60.9,883.2,13,9,70.3,0
67.7,54.3,38.7,914.7,3,8,63.6,0
31.1,110.0,84.3,881.7,14,12,73.4,1
54.1,98.7,82.1,895.7,12,11,75.5,1
154.9,156.9,100.0,885.5,16,19,94.2,1
37.2,56.0,41.9,904.8,7,6,67.2,1
73.9,112.9,92.2,894.0,11,13,76.8,1
39.1,85.8,66.6,891.8,12,9,71.9,1
26.7,61.0,52.2,908.2,6,7,67.1,0
103.6,106.1,77.6,898.4,10,13,85.2,1
7.2,37.7,23.2,904.2,6,3,62.8,0
86.6,125.4,100.0,886.2,14,14,76.1,1
6.3,82.0,59.3,881.1,13,8,71.0,0
80.9,80.2,72.7,899.3,11,9,73.9,1
45.3,94.0,74.7,894.2,13,11,69.3,1
20.2,67.9,50.5,905.5,10,10,74.6,1
32.7,70.0,52.9,897.0,11,9,67.7,0
71.3,81.8,80.3,900.5,9,9,78.6,1
145.9,180.0,100.0,878.5,18,18,92.0,1
10.6,24.2,21.2,920.7,2,2,49.3,0
21.3,69.7,52.9,896.0,9,8,65.1,0
13.8,62.4,48.9,906.4,8,8,62.4,0
38.9,101.4,81.8,888.0,12,13,72.1,1
82.3,78.6,70.2,901.7,9,10,68.0,1
12.1,96.1,66.1,882.4,14,12,79.5,1
44.4,65.0,61.6,903.4,9,9,71.9,1
80.6,91.3,78.0,893.7,12,10,77.9,1
32.4,46.5,47.8,898.4,10,5,65.3,0
51.6,70.2,58.4,906.4,6,7,67.0,0
98.8,136.3,100.0,883.2,16,14,89.0,1
18.1,75.1,62.8,889.8,11,8,70.5,0
8.1,43.6,33.6,903.5,5,4,49.6,0
56.1,34.3,33.4,923.2,4,4,58.5,0
57.2,112.8,82.5,896.3,13,15,87.1,1
30.6,95.9,75.8,905.1,9,15,83.6,1
26.1,75.1,54.6,896.7,10,8,67.5,1
45.9,53.4,42.5,921.3,3,6,63.9,0
17.8,94.8,67.3,877.0,18,11,74.6,1
17.8,47.6,38.6,899.1,8,7,70.6,0
71.0,120.9,88.6,878.5,15,13,83.4,1
16.7,127.4,91.7,875.0,17,13,86.6,1
8.7,52.3,43.2,901.6,9,8,74.9,0
26.1,79.1,53.7,899.7,11,8,65.0,1
31.2,75.8,59.3,894.6,12,8,64.7,1
61.7,84.5,65.9,896.7,9,9,77.1,1
27.9,33.4,25.8,935.0,0,4,51.6,0
109.5,100.8,96.1,894.9,11,13,80.8,1
47.7,63.3,43.7,904.1,6,6,58.9,0
23.2,65.7,53.8,890.2,10,8,61.5,0
60.0,83.1,65.5,901.5,9,9,73.2,1
108.3,136.8,100.0,895.1,14,15,85.4,1
69.7,79.2,61.0,893.1,11,11,70.2,1
11.4,65.6,51.9,919.8,3,9,75.8,1
33.4,60.8,47.1,912.1,6,7,56.7,0
53.5,72.3,57.7,899.6,9,9,69.3,0
67.8,103.0,83.7,875.0,17,13,86.7,1
39.1,85.6,65.7,893.7,11,10,78.5,1
35.1,45.6,27.6,930.4,0,4,58.8,0
133.2,151.0,100.0,895.2,12,15,81.7,1
70.4,73.2,66.9,911.2,7,8,68.4,1
60.1,66.1,48.3,915.3,4,8,69.5,0
28.9,55.3,38.1,900.6,9,5,56.3,0
17.5,79.7,57.0,887.9,14,9,72.5,0
60.8,135.6,100.0,875.0,18,14,75.3,1
75.5,89.1,74.3,906.2,8,10,62.5,1
44.6,92.7,66.9,888.2,13,10,69.1,1
70.5,72.0,59.6,900.1,9,8,71.6,1
71.7,111.3,89.4,883.0,17,13,86.6,1
78.8,86.6,76.4,894.8,10,11,68.1,1
11.2,46.7,41.0,898.4,10,8,76.2,0
34.1,80.2,60.6,901.2,8,10,73.5,0
63.3,100.5,90.2,884.6,14,12,69.3,1
46.5,52.1,43.0,912.4,5,6,63.6,0
71.8,89.7,78.5,890.8,11,12,86.2,1
60.1,126.8,100.0,877.9,16,15,84.1,1
4.8,90.9,65.8,896.7,9,9,76.1,1
91.3,103.3,80.0,898.4,11,12,87.3,1
30.9,73.1,56.9,899.9,8,9,70.4,1
22.0,31.5,22.5,914.3,3,4,51.7,0
89.3,105.2,86.6,895.2,16,13,88.4,1
68.2,89.4,83.5,896.6,13,10,80.0,1
97.4,98.3,78.1,884.8,16,13,73.8,1
53.9,53.3,47.4,907.8,7,7,64.0,0
33.7,64.6,46.4,900.2,9,7,68.9,0
49.7,94.8,73.0,893.0,11,11,80.5,1
18.8,86.8,68.0,875.1,17,10,71.3,1
13.5,34.6,28.1,915.3,4,4,50.4,0
27.2,91.8,68.0,883.3,13,9,79.6,1
116.3,129.4,100.0,890.9,14,16,90.3,1
29.4,51.2,42.3,902.3,7,6,60.7,0
8.9,82.2,68.1,883.6,12,10,69.5,1
39.9,122.4,88.2,880.1,15,15,85.8,1
29.1,106.8,89.6,875.0,16,13,72.0,1
92.3,103.3,93.1,906.7,10,12,84.6,1
111.1,145.1,100.0,891.5,12,16,88.2,1
32.6,37.4,32.9,933.1,0,5,46.4,0
53.9,100.8,85.3,886.1,14,13,75.5,1
57.0,97.1,72.3,886.9,14,10,78.7,1
43.2,71.4,53.8,891.2,13,7,63.7,0
37.7,72.2,60.6,900.9,10,8,62.7,0
20.8,77.4,59.4,892.4,12,10,73.8,1
7.4,56.1,40.1,905.3,8,7,62.8,0
20.7,90.7,54.8,886.3,12,10,73.7,0
42.1,94.2,70.9,881.4,14,13,83.3,1
12.1,89.8,59.5,876.4,14,11,70.9,1
51.9,119.6,95.0,875.0,16,13,77.9,1
47.1,98.5,75.9,891.8,13,12,74.2,1
29.2,114.2,82.1,894.4,11,13,77.2,1
36.5,118.9,100.0,890.4,15,15,83.2,1
14.3,38.4,34.6,912.9,3,4,54.5,0
77.9,91.3,81.7,912.7,8,10,69.4,1
77.0,100.7,93.9,894.0,17,11,76.8,1
16.7,92.4,71.9,876.5,16,10,71.1,1
17.2,105.5,73.5,891.2,12,13,77.2,1
20.9,65.4,45.0,890.8,11,7,53.0,0
65.4,105.0,89.0,890.1,14,11,70.4,1
56.9,107.4,74.3,889.6,12,12,76.4,1
88.7,128.8,100.0,890.2,13,14,89.9,1
95.1,130.5,95.9,893.4,11,14,83.8,1
11.0,83.5,61.3,890.4,12,11,66.7,0
63.9,80.1,70.6,900.5,9,9,70.8,1
92.7,107.0,91.1,902.3,11,13,78.7,1
34.7,94.3,76.7,887.1,12,11,79.2,1
44.0,45.6,48.7,913.3,4,8,58.6,0
39.3,103.9,78.7,886.2,12,12,85.9,1
40.6,102.4,92.7,878.6,17,12,81.3,1
77.7,91.8,77.8,902.6,10,11,74.5,1
130.1,144.7,100.0,888.2,14,15,77.7,1
107.1,98.7,82.9,901.9,9,12,69.8,1
30.2,107.5,88.8,875.0,17,12,82.7,1
54.0,67.3,60.9,914.7,5,7,69.4,1
23.7,72.0,61.9,906.1,8,9,76.4,1
25.8,87.2,65.9,880.0,16,10,83.0,1
42.6,88.7,62.9,880.3,14,9,74.7,1
25.2,31.4,28.4,918.1,3,4,58.6,0
28.3,111.3,74.6,889.2,11,13,95.7,1
53.1,125.5,95.2,888.0,15,16,86.5,1
63.3,126.9,100.0,875.0,16,15,86.4,1
62.1,108.7,98.2,893.8,13,12,69.4,1
62.5,100.7,82.3,895.3,11,14,87.9,1
15.2,46.3,35.8,906.6,5,6,60.6,0
24.1,93.3,69.4,881.2,16,12,74.9,1
46.1,136.8,97.1,879.8,15,17,89.0,1
90.0,90.9,78.3,903.4,9,11,71.0,1
160.0,141.0,100.0,910.1,13,15,86.0,1
55.5,99.8,74.2,879.1,16,11,67.1,1
72.9,61.4,48.5,911.0,6,7,56.5,1
13.7,66.0,46.4,898.5,9,7,58.0,0
71.6,98.8,81.0,911.1,9,12,74.9,1
147.0,98.5,89.5,897.2,11,12,75.8,1
24.1,92.3,63.7,875.0,14,11,63.5,1
29.1,59.1,47.7,896.2,11,6,58.7,0
79.3,59.4,56.6,910.7,6,8,62.4,1
45.6,96.9,76.1,887.3,14,10,77.7,1
6.7,47.1,31.6,893.3,11,4,50.8,0
30.5,68.0,55.7,895.9,10,7,70.6,0
110.8,121.1,100.0,875.0,17,13,91.9,1
36.3,40.7,28.3,918.1,3,5,66.0,0
36.2,94.2,77.3,887.2,12,11,69.9,1
76.0,73.0,64.9,904.1,10,10,76.1,1
56.9,132.9,100.0,897.0,11,14,78.4,1
34.8,42.9,27.8,913.1,4,5,54.0,0
27.6,61.6,44.1,902.9,8,9,65.6,1
160.0,143.3,100.0,895.2,13,15,87.8,1
99.3,123.0,94.5,887.3,15,13,76.2,1
62.5,54.6,46.8,907.6,6,6,62.0,0
65.2,121.4,95.7,875.5,17,14,91.8,1
40.8,86.2,68.8,905.8,10,10,66.4,1
56.4,141.3,100.0,884.8,17,15,77.4,1
37.7,52.3,43.6,913.0,7,5,55.2,0
22.3,86.9,56.5,899.9,9,9,78.8,1
58.0,54.4,47.7,905.7,7,6,65.9,0
35.3,94.5,68.9,899.0,10,10,67.9,1
60.0,97.0,73.4,877.0,17,10,66.7,1
67.8,122.9,100.0,887.7,16,14,86.1,1
62.2,109.3,85.6,906.1,9,12,79.2,1
20.8,106.3,80.8,900.0,12,12,82.3,1
32.5,51.0,43.5,912.2,8,7,57.7,0
35.8,65.9,58.4,902.8,10,8,66.9,0
85.0,98.0,76.1,886.4,14,10,78.4,1
82.2,121.1,100.0,888.4,14,16,96.6,1
25.3,65.3,50.1,899.2,8,7,57.2,0
14.9,97.1,69.2,875.0,17,10,72.5,1
160.0,108.7,95.3,918.1,6,12,76.9,1
60.5,87.5,74.1,903.3,9,9,65.2,1
13.1,83.0,56.1,912.7,6,8,63.0,1
28.7,85.7,67.6,879.0,14,10,76.4,1
87.3,114.7,100.0,912.9,8,13,76.8,1
154.1,86.8,89.5,924.8,5,10,72.3,1
138.4,161.1,100.0,882.1,17,16,92.7,1
58.8,63.4,50.1,907.3,5,7,75.1,0
44.9,94.6,77.6,898.0,11,10,74.8,1
19.1,107.1,73.0,879.5,15,11,80.1,1
47.7,80.2,62.8,903.9,8,10,74.6,1
21.4,49.1,46.7,908.0,5,6,60.6,0
32.7,86.0,62.8,890.8,12,9,68.9,1
79.3,73.7,69.6,912.0,9,8,66.7,1
37.5,93.0,76.6,878.0,14,10,60.2,1
35.7,78.1,66.1,880.1,13,10,71.0,1
43.2,66.9,47.6,899.6,8,8,70.0,0
160.0,135.8,100.0,898.3,11,14,79.8,1
17.3,65.1,47.9,889.4,11,8,76.1,0
54.6,72.8,65.2,907.7,8,8,68.2,1
130.7,146.8,100.0,904.4,12,18,94.6,1
43.1,55.8,47.8,908.3,7,6,66.8,0
98.1,116.8,98.6,896.5,11,13,84.8,1
14.0,39.3,20.0,905.2,6,6,68.6,0
38.5,75.5,54.8,892.7,10,9,78.2,1
23.4,25.6,12.5,922.6,1,4,65.0,0
42.7,83.4,61.8,888.2,11,9,72.9,1
43.4,50.5,45.0,923.3,3,6,55.6,0
46.7,68.6,56.6,898.4,9,9,68.8,0
78.8,96.9,81.3,881.5,15,12,88.4,1
4.1,45.6,27.7,914.4,4,7,66.2,0
27.7,52.5,46.9,899.5,8,7,62.0,0
52.1,57.8,48.7,908.2,5,7,61.3,0
7.1,50.2,36.8,912.7,4,5,52.5,0
68.3,105.0,89.3,902.1,9,12,84.1,1
27.3,90.9,63.5,890.9,11,10,70.3,1
39.0,53.1,44.6,909.7,9,10,67.1,0
81.1,121.9,100.0,898.0,12,14,79.0,1
101.0,104.5,86.5,906.2,10,12,62.9,1
69.7,104.6,87.8,875.0,18,12,82.8,1
16.9,48.8,39.5,903.4,7,7,63.2,0
67.4,114.1,90.4,890.3,12,13,74.0,1
70.5,69.1,58.9,917.8,3,7,72.9,1
61.5,72.9,63.5,905.5,10,9,70.5,1
111.5,121.4,100.0,900.9,11,14,70.8,1
47.6,75.3,60.8,903.8,10,10,77.3,1
108.8,105.3,96.5,886.0,14,12,72.5,1
108.4,87.2,81.3,917.5,5,15,90.6,1
71.8,54.2,40.2,921.9,3,7,67.6,0
55.2,77.9,56.5,902.7,9,8,68.2,1
61.8,58.9,56.9,917.1,5,8,59.9,0
126.9,112.6,97.5,891.2,13,12,71.2,1
89.9,99.1,84.5,888.4,13,13,81.1,1
18.8,70.3,58.3,898.5,10,9,64.6,0
59.2,79.4,65.1,903.2,7,8,74.7,1
22.4,51.7,40.2,893.3,10,5,58.4,0
26.6,70.9,49.8,904.5,9,7,58.6,1
33.7,100.0,77.7,901.7,9,14,90.2,1
12.7,60.4,47.7,886.0,16,7,53.1,0
21.1,44.7,31.9,904.2,7,5,58.2,0
115.4,81.8,70.6,908.4,10,11,79.1,1
26.5,96.4,85.4,900.1,11,13,75.2,1
79.1,95.3,78.9,911.8,7,11,73.2,1
50.7,115.8,86.2,883.4,16,13,77.4,1
65.5,84.1,72.9,903.6,9,9,63.5,1
67.4,98.0,79.2,884.0,14,11,76.3,1
20.3,83.9,57.0,884.6,17,8,72.5,1
78.8,117.6,97.5,890.4,13,15,99.0,1
15.3,96.6,66.4,886.7,12,12,83.2,1
25.6,75.1,64.9,891.4,12,9,68.6,0
66.7,100.1,83.4,895.4,12,13,88.1,1
19.2,51.6,38.0,908.0,5,6,55.0,0
6.3,77.1,56.1,894.1,10,8,64.2,1
57.3,111.0,91.7,879.0,15,13,87.1,1
10.6,52.7,39.8,911.7,6,5,55.1,0
71.0,104.8,95.5,888.0,15,12,78.9,1
35.6,64.2,56.5,897.3,9,8,63.2,0
56.7,95.9,78.8,903.4,10,10,71.7,1
56.0,69.9,53.2,900.4,8,8,67.0,1
74.5,84.6,70.3,911.1,7,9,73.0,1
68.0,103.5,85.9,903.7,10,11,76.8,1
19.0,84.7,58.7,887.7,13,11,80.1,1
37.3,35.8,37.4,924.1,3,5,61.4,0
56.7,94.3,70.4,900.3,9,11,74.6,1
110.0,121.4,99.3,896.2,13,14,80.5,1
68.5,90.8,71.8,909.6,6,11,70.3,1
104.0,76.0,73.2,901.0,8,10,56.6,1
58.7,77.5,59.7,902.8,9,8,66.7,1
90.9,75.8,58.3,927.9,4,11,68.9,1
53.5,86.3,74.6,894.7,11,9,64.9,1
88.5,107.7,87.4,894.2,12,13,79.6,1
34.2,74.4,52.5,899.4,10,9,67.1,0
118.1,99.2,84.2,910.9,6,12,81.9,1
63.3,132.2,100.0,879.9,16,15,86.0,1
12.8,104.5,72.6,875.0,16,12,88.4,1
58.0,111.2,86.9,891.0,15,12,91.8,1
68.6,127.2,98.2,878.4,17,16,88.0,1
80.5,91.1,70.4,892.9,14,11,70.7,1
144.3,112.4,97.5,904.0,11,12,68.0,1
30.2,83.8,57.4,887.3,12,11,86.8,1
144.9,123.5,100.0,880.9,18,14,79.9,1
44.9,93.7,73.6,898.8,11,11,72.6,1
24.6,63.3,61.0,908.4,8,7,60.4,0
30.7,97.9,70.4,877.7,15,11,73.8,1
65.9,68.4,54.1,907.8,8,9,67.3,0
21.7,47.2,44.4,907.8,6,6,66.8,0
34.7,63.4,55.4,909.4,7,7,48.1,0
57.0,64.4,56.1,912.6,4,7,63.5,0
117.5,69.1,61.0,924.4,5,7,68.9,1
79.0,112.2,100.0,893.7,12,14,80.1,1
46.2,82.0,64.6,899.3,9,11,79.3,1
65.7,75.5,61.2,893.0,13,10,73.5,1
53.2,101.6,85.6,898.0,11,13,77.1,1
16.7,34.1,26.5,916.4,6,5,48.1,0
130.5,125.8,100.0,881.9,18,15,89.4,1
118.7,129.6,100.0,887.7,14,14,86.1,1
42.4,71.9,53.4,914.5,6,8,63.0,0
31.6,40.0,18.0,910.2,5,6,66.4,0
17.0,62.4,42.3,893.6,11,6,58.9,0
68.5,79.2,63.7,908.3,8,9,76.4,1
68.8,94.1,71.2,902.1,9,10,74.8,1
23.3,50.0,41.7,916.0,5,6,70.7,0
53.6,73.0,55.9,898.9,9,9,72.4,1
77.4,79.9,70.6,910.3,8,9,70.4,1
29.9,57.2,38.8,929.7,0,8,56.1,0
38.7,58.1,51.5,905.2,9,8,67.7,0
38.4,89.4,62.7,898.6,10,9,68.8,1
24.5,60.9,35.1,906.7,7,8,77.1,0
39.2,68.6,60.6,893.6,9,8,68.7,1
10.8,26.7,16.2,926.7,0,3,58.1,0
36.9,57.9,55.3,900.2,9,7,73.0,0
37.3,59.6,50.6,894.7,10,6,69.8,0
42.8,98.1,79.8,888.0,13,10,72.5,1
62.4,55.4,53.8,911.2,8,6,74.6,0
15.8,40.1,31.3,908.4,5,5,56.0,0
18.6,77.8,58.5,892.0,10,10,81.0,1
24.0,60.5,52.9,904.9,6,8,62.9,0
14.3,89.9,66.4,879.9,13,10,78.2,1
67.3,92.5,72.0,900.2,9,11,70.0,1
28.9,70.9,57.5,903.4,7,7,68.3,0
43.8,55.7,35.5,918.5,5,5,53.9,0
22.3,106.2,85.2,888.8,17,12,72.4,1
34.0,88.6,74.5,882.7,13,14,78.4,1
55.4,88.1,76.7,887.3,12,12,81.6,1
57.3,104.8,88.6,882.0,15,11,78.8,1
19.3,76.1,56.3,914.0,4,8,70.3,0
42.2,38.3,33.0,916.6,3,5,60.3,0
22.7,52.0,34.0,901.8,8,6,58.9,0
41.1,79.0,70.8,912.7,5,9,65.9,1
27.0,69.9,51.2,899.6,10,8,61.2,0
135.8,144.2,100.0,896.9,12,15,80.4,1
77.2,99.4,83.2,894.0,13,11,83.1,1
59.0,97.8,71.5,894.3,12,12,72.2,1
36.3,98.2,66.3,879.4,16,10,67.4,1
78.6,98.4,81.5,901.2,12,13,75.4,1
43.1,76.7,58.5,897.5,10,10,65.0,1
127.1,94.1,85.3,906.9,8,10,74.8,1
83.8,98.7,87.8,899.1,12,11,72.6,1
33.8,82.8,64.9,896.0,11,10,72.0,1
118.1,131.1,100.0,887.5,15,16,89.1,1
36.4,72.3,58.9,898.9,9,8,69.1,1
140.7,143.3,100.0,906.9,9,17,93.2,1
122.1,138.1,100.0,884.3,16,17,99.7,1
55.2,80.6,66.7,899.0,10,9,66.2,1
11.2,71.6,52.8,900.8,8,9,66.6,1
52.3,89.0,75.5,889.4,13,12,78.1,1
17.6,80.4,58.8,890.9,13,9,69.8,0
27.7,113.9,83.4,900.8,10,13,72.5,1
29.3,114.6,84.4,884.4,16,13,71.9,1
17.5,64.6,43.8,902.2,8,6,61.0,0
52.4,91.8,80.1,887.3,12,10,81.3,1
25.1,39.1,37.2,910.8,5,5,67.9,0
37.7,58.5,41.0,926.1,1,7,57.9,0
29.5,70.2,58.2,887.7,13,8,64.8,0
62.6,65.4,46.5,904.4,8,6,62.8,1
59.6,104.2,87.7,889.3,15,11,77.6,1
35.4,54.5,40.4,910.5,5,5,53.2,0
64.7,112.3,91.1,882.8,15,14,94.4,1
98.4,92.7,70.7,903.8,9,11,72.4,1
5.3,61.1,38.1,887.5,10,6,64.0,0
28.2,78.4,62.1,895.5,11,9,68.2,1
20.6,106.2,74.8,885.6,15,13,79.5,1
26.3,46.6,32.8,907.9,8,6,66.3,0
4.2,71.4,58.2,888.0,12,8,73.3,0
5.0,49.6,47.0,904.6,7,5,63.1,0
30.3,85.0,69.5,893.9,11,11,70.5,1
29.7,82.3,57.3,896.6,11,10,64.9,1
107.5,128.5,100.0,899.8,11,15,100.0,1
49.6,99.5,70.1,888.9,14,10,74.8,1
63.6,87.5,70.0,900.5,11,12,73.2,1
160.0,110.6,100.0,916.4,6,14,89.9,1
5.3,74.2,63.0,888.7,11,9,64.8,0
128.5,124.7,100.0,912.1,8,15,98.8,1
43.3,50.1,39.7,916.0,3,5,56.6,0
32.3,81.3,57.7,888.2,12,8,72.6,0
28.6,121.2,95.1,880.5,18,14,83.9,1
56.5,78.0,61.1,901.6,8,8,58.3,1
32.5,92.6,71.5,891.4,12,10,67.1,1
17.0,21.7,11.0,920.4,3,2,46.0,0
29.4,55.3,46.4,898.4,8,6,57.7,0
57.6,92.5,76.6,888.4,15,10,74.1,1
71.2,140.9,100.0,884.2,16,16,75.2,1
136.9,113.1,100.0,911.1,9,15,88.2,1
48.1,79.4,66.2,891.1,11,8,55.5,1
102.1,112.9,99.0,898.5,12,15,89.1,1
38.7,80.4,60.9,909.5,7,9,65.4,1
42.7,88.6,70.1,892.2,14,10,73.8,1
41.1,79.4,62.7,897.4,12,8,59.4,1
52.2,117.8,90.5,897.8,10,14,80.4,1
79.8,74.0,65.2,906.2,10,8,55.1,1
31.5,50.9,47.0,905.1,8,7,57.1,0
21.5,51.2,44.9,895.4,11,8,75.8,0
84.0,103.8,80.2,898.8,10,12,87.2,1
80.1,100.4,88.1,893.5,12,12,71.1,1
112.5,109.2,100.0,880.3,16,13,79.4,1
27.8,99.8,74.1,901.1,11,10,75.7,1
37.7,61.0,51.4,920.7,2,9,70.7,0
86.1,143.7,100.0,887.4,14,16,86.3,1
31.2,77.1,55.0,888.7,10,9,60.9,1
69.3,147.4,100.0,887.6,15,15,92.3,1
38.8,46.2,42.3,906.7,7,7,61.6,0
56.3,83.8,65.3,903.4,8,9,60.3,1
16.7,56.1,47.1,896.1,9,7,64.3,0
47.7,117.7,97.0,887.0,13,13,79.3,1
97.1,103.6,93.7,899.1,12,13,78.3,1
75.4,118.8,100.0,879.2,18,14,85.0,1
20.3,85.7,63.3,899.7,8,9,68.9,1
130.0,87.4,82.3,908.5,9,13,88.1,1
93.3,154.2,100.0,883.0,16,17,87.1,1
17.4,82.6,60.8,879.6,14,8,62.8,1
29.6,46.0,39.7,917.0,4,5,63.6,0
18.3,111.2,72.9,890.7,11,11,90.8,1
57.4,75.0,62.7,911.6,7,9,84.2,1
28.6,69.7,46.8,896.2,8,9,74.6,1
6.8,61.3,39.6,896.1,11,7,62.5,0
42.6,93.8,76.5,903.3,9,14,81.0,1
81.8,119.9,96.2,887.4,14,13,79.1,1
48.4,82.6,69.2,899.6,8,10,62.6,1
65.1,122.5,95.5,893.4,11,15,91.1,1
51.7,106.6,88.8,882.2,15,12,86.5,1
73.4,94.0,76.4,902.0,9,10,72.2,1
54.9,74.2,51.0,894.8,9,8,80.0,1
40.9,57.5,48.0,896.1,10,8,83.8,0
47.9,92.8,62.1,883.5,12,10,78.3,1
115.2,85.5,70.6,917.1,7,11,71.8,1
67.6,61.9,49.6,908.5,8,7,59.5,1
20.3,76.2,52.0,909.6,5,9,74.8,1
47.4,91.3,69.0,894.3,11,11,82.1,1
56.7,126.7,93.1,877.2,15,14,80.3,1
39.9,28.3,19.0,921.4,2,3,46.4,0
6.8,47.4,42.3,897.3,10,7,54.3,0
22.1,88.2,62.4,889.0,14,9,63.9,1
32.6,66.5,40.8,903.0,7,7,62.1,0
139.6,77.9,74.3,912.0,7,11,82.3,1
62.7,89.4,67.1,897.7,10,11,72.4,1
10.8,27.6,16.7,913.3,3,2,32.2,0
41.8,58.8,51.5,911.0,7,7,60.7,1
103.9,139.6,100.0,885.1,14,17,90.6,1
28.3,69.5,47.7,889.9,12,9,68.1,0
88.2,65.4,61.8,909.5,6,7,49.1,1
11.2,90.0,71.2,875.0,16,11,73.8,1
1.3,61.5,46.4,896.2,10,8,75.3,0
96.8,106.2,77.5,880.8,18,12,75.8,1
31.3,93.8,65.6,892.3,12,9,66.2,1
33.2,110.5,83.5,894.4,12,15,82.4,1
51.3,84.7,66.5,893.7,11,10,73.9,1
61.2,99.4,77.9,891.4,13,10,63.9,1
2.7,88.5,58.2,884.8,12,9,63.4,1
26.5,58.6,38.4,925.5,3,7,71.3,0
46.8,79.2,73.2,920.4,6,12,82.6,1
61.1,118.2,93.0,884.1,15,13,78.1,1
20.1,31.4,28.5,917.0,2,4,59.1,0
38.4,85.2,66.1,893.2,10,9,64.7,1
28.2,74.3,57.1,899.6,12,9,64.6,1
52.6,95.1,74.9,897.2,10,10,67.3,1
94.6,105.4,83.2,890.1,13,11,66.4,1
34.7,74.5,50.4,909.8,6,7,64.0,1
13.2,75.8,57.6,899.5,10,9,82.1,1
25.3,76.2,58.7,892.3,11,10,61.0,1
129.2,149.6,100.0,882.3,15,15,97.1,1
22.2,110.4,85.2,887.3,13,12,62.3,1
15.8,105.0,72.7,878.3,15,14,87.2,1
33.0,50.4,46.3,898.1,9,5,47.9,0
41.8,98.3,79.7,883.6,16,11,78.9,1
29.6,108.5,84.7,894.8,11,12,73.7,1
11.2,15.5,23.9,914.4,3,2,54.9,0
56.2,56.7,58.8,912.4,6,9,65.4,0
52.6,85.7,72.0,897.6,11,10,76.0,1
71.6,113.4,93.9,897.0,12,12,77.3,1
51.8,45.8,45.7,920.6,3,5,66.2,0
122.4,101.5,87.4,904.2,9,11,74.6,1
75.3,79.0,64.4,894.1,13,9,71.4,1
65.5,119.7,98.0,880.9,16,15,87.3,1
96.8,86.0,71.1,902.7,9,10,78.2,1
49.6,84.1,70.0,908.0,9,11,81.4,1
39.0,80.6,63.8,890.4,12,8,67.6,1
55.8,97.1,72.9,901.5,9,11,65.4,1
6.4,79.5,57.4,893.6,10,10,67.1,0
49.7,73.8,66.3,895.8,14,9,74.9,1
41.8,93.9,73.2,875.0,16,10,63.7,1
60.0,85.1,69.7,895.3,10,11,71.4,1
88.4,73.1,66.6,909.6,6,11,72.1,1
66.8,100.6,83.6,890.4,13,13,80.0,1
25.4,60.3,44.9,898.6,9,8,65.1,0
79.1,124.5,100.0,888.9,15,14,84.4,1
123.6,134.1,100.0,902.3,11,17,86.2,1
89.9,112.6,89.3,895.4,11,12,73.3,1
14.4,69.3,47.9,886.7,13,8,78.0,1
66.3,62.6,56.6,914.0,5,7,73.0,1
16.5,38.2,30.4,909.1,7,4,59.2,0
36.1,77.7,59.8,890.7,11,9,73.9,0
58.8,52.2,49.2,904.0,6,8,68.9,1
53.6,117.3,93.0,904.4,11,14,83.8,1
88.7,97.2,80.7,905.7,10,11,70.5,1
124.0,116.8,96.2,877.7,16,15,95.6,1
62.9,69.6,54.7,910.1,9,7,75.7,1
34.1,50.4,33.5,891.2,9,5,55.6,0
6.8,63.0,46.4,893.7,10,9,76.7,0
103.4,64.0,56.5,929.7,1,8,64.6,1
41.9,52.7,41.2,901.6,7,6,56.9,0
43.6,112.1,85.3,893.4,12,12,75.8,1
46.2,128.1,100.0,875.0,17,15,84.5,1
61.0,67.7,61.7,914.7,5,8,70.8,1
62.2,103.6,82.5,881.9,16,11,72.9,1
36.6,98.9,81.9,886.0,16,12,83.5,1
41.6,85.7,56.9,894.0,13,8,62.8,1
27.8,37.5,40.1,915.0,7,4,55.6,0
25.4,60.5,50.1,907.3,7,13,74.4,0
25.3,67.0,51.8,896.1,10,10,64.9,0
41.3,88.1,64.1,901.7,8,10,75.0,1
21.4,63.6,46.1,890.8,10,8,67.8,0
1.1,44.3,34.6,899.7,9,5,56.0,0
33.6,67.9,56.3,898.9,10,7,58.8,0
15.2,43.7,36.6,909.6,7,4,49.0,0
48.5,75.2,56.9,909.6,6,8,69.3,1
27.7,84.4,59.3,903.9,8,8,63.0,1
61.5,97.9,79.6,893.7,13,12,88.2,1
16.6,69.2,55.4,906.9,7,9,71.1,0
8.4,50.8,37.3,896.9,12,6,64.8,0
41.7,95.8,81.5,885.0,14,11,84.1,1
32.5,84.6,64.9,893.2,12,10,67.8,1
14.0,75.5,55.6,899.0,10,9,72.7,1
75.4,120.3,99.9,908.9,10,14,87.0,1
19.3,66.0,55.7,895.8,12,7,61.3,0
24.4,104.8,71.2,883.5,16,11,66.4,1
85.0,84.8,67.2,898.7,10,9,57.1,1
63.9,60.9,51.1,899.4,10,7,59.0,0
17.5,63.3,63.2,900.2,8,9,76.7,0
34.8,45.3,36.0,909.0,7,5,54.1,0
15.9,26.8,20.8,910.2,4,4,61.8,0
81.0,122.1,100.0,890.9,14,15,82.2,1
80.9,113.8,97.6,890.6,13,14,84.3,1
135.6,169.7,100.0,885.5,15,17,95.6,1
160.0,143.4,100.0,906.4,8,16,95.8,1
27.4,47.7,31.9,915.4,4,6,58.9,0
72.5,95.3,74.6,894.2,11,10,69.0,1
7.1,59.9,49.3,895.1,9,7,52.5,0
51.2,43.5,38.6,915.6,3,6,59.0,0
60.2,96.5,71.1,904.1,8,11,95.6,1
20.3,53.1,34.0,903.2,6,6,60.3,0
26.1,80.1,56.6,883.7,14,10,64.3,1
81.3,80.5,69.2,906.1,7,10,71.9,1
61.3,96.2,79.7,886.9,12,10,77.3,1
124.7,137.6,100.0,884.4,15,15,83.2,1
115.6,142.7,100.0,893.8,12,15,80.3,1
9.5,74.9,52.3,891.0,11,7,79.7,0
29.7,73.0,62.3,895.3,10,10,75.2,0
18.4,97.5,84.6,880.7,15,12,87.8,1
74.5,91.9,74.3,909.5,9,10,70.6,1
54.8,53.7,48.6,911.5,7,7,75.2,0
19.6,103.5,78.2,875.0,18,11,81.2,1
22.4,41.2,33.2,909.7,6,5,62.1,0
99.5,142.2,100.0,888.3,16,15,79.6,1
32.4,62.0,51.2,908.3,6,9,65.8,0
5.8,51.0,34.6,897.2,8,6,64.5,0
18.1,54.5,47.9,898.3,10,6,59.7,0
141.2,146.1,100.0,895.8,11,18,97.6,1
86.6,92.5,76.6,912.5,9,10,70.1,1
15.0,90.2,78.3,883.1,14,11,78.3,1
51.1,70.5,57.0,905.3,7,9,66.3,1
83.1,111.1,92.4,911.2,9,15,89.7,1
9.3,52.2,39.2,906.6,5,8,61.3,0
89.3,62.5,57.0,925.9,2,10,70.9,0
60.9,118.4,95.2,891.7,12,13,80.1,1
24.8,47.6,33.2,909.5,8,6,56.4,0
67.6,109.6,90.8,896.7,10,13,77.5,1
55.3,60.9,42.6,912.8,4,6,63.5,0
58.0,78.4,57.7,897.9,12,8,71.6,1
49.8,77.0,71.1,893.3,11,9,71.7,1
21.7,55.5,36.3,913.7,5,6,64.8,0
25.3,70.7,44.1,892.1,10,9,70.7,0
37.4,94.3,66.3,881.0,14,14,80.0,1
46.3,89.8,79.3,891.8,12,11,65.4,1
70.4,94.9,68.8,905.4,9,11,72.6,1
143.4,118.5,100.0,914.7,9,14,83.5,1
52.8,84.5,60.5,899.3,8,9,66.4,1
69.5,77.5,64.0,913.8,5,9,79.5,1
80.4,127.5,100.0,881.7,15,16,91.5,1
72.9,110.5,86.8,892.7,11,12,78.1,1
21.0,67.2,60.0,894.5,12,7,67.9,1
105.6,95.7,77.6,896.6,15,12,90.7,1
95.2,117.7,97.2,899.0,13,15,85.3,1
49.3,72.9,60.7,906.3,8,11,70.0,0
22.1,100.0,69.3,892.7,10,10,74.9,1
45.8,63.0,53.9,899.7,11,8,60.5,0
10.6,67.5,47.4,897.5,9,8,61.7,0
114.4,165.8,100.0,886.9,15,17,100.0,1
27.2,70.8,53.7,896.6,8,8,75.2,0
36.0,93.7,61.5,896.3,9,10,76.9,1
109.3,145.7,100.0,896.0,11,16,92.1,1
101.1,112.4,100.0,898.4,12,14,76.9,1
56.8,70.0,57.3,898.9,10,7,59.7,1
125.3,138.1,100.0,892.8,12,15,94.9,1
20.4,43.8,41.6,913.3,6,7,61.6,0
56.8,94.2,84.7,884.0,16,12,73.8,1
20.5,88.0,64.6,889.3,14,9,69.1,1
91.5,103.4,85.8,931.4,2,11,79.3,1
89.4,126.7,100.0,885.5,15,15,85.8,1
130.9,119.9,96.2,881.8,16,15,85.9,1
44.8,93.8,71.7,906.8,8,11,62.7,1
153.9,180.0,100.0,875.0,18,19,97.8,1
19.1,78.6,57.7,895.2,11,10,79.0,1
43.1,76.4,55.4,923.7,3,10,72.6,1
19.7,95.6,73.1,879.5,14,14,96.6,1
51.5,104.3,78.3,875.0,16,12,74.3,1
21.2,95.8,70.7,880.0,17,11,72.9,1
91.6,75.2,60.7,908.8,8,8,63.4,1
62.3,46.8,37.3,911.5,7,6,57.6,0
17.7,84.6,66.3,891.8,14,9,73.4,1
78.1,95.2,79.7,906.2,9,10,71.4,1
119.8,92.3,79.4,914.7,6,11,87.5,1
66.4,47.5,44.2,919.4,5,6,63.3,0
13.3,59.9,41.4,895.0,10,7,59.4,0
40.1,97.5,71.1,875.0,15,10,67.0,1
72.2,91.5,81.5,888.1,14,12,88.6,1
37.3,81.9,67.5,892.9,12,9,71.5,1
18.9,69.4,51.9,894.9,10,8,75.2,0
98.4,123.9,100.0,895.7,13,13,81.8,1
36.1,78.4,60.9,911.4,7,10,73.1,1
119.8,97.1,89.2,913.3,6,13,89.4,1
29.8,70.5,50.4,895.9,8,9,72.4,0
34.5,62.7,53.9,911.2,6,8,69.6,0
28.0,59.2,47.9,902.3,9,7,62.2,0
39.6,101.0,76.1,898.8,10,11,81.0,1
61.6,79.7,63.3,908.9,8,11,75.4,1
19.7,84.5,67.1,898.9,10,10,69.7,1
16.6,36.6,27.6,922.7,1,4,69.1,0
9.1,98.6,67.7,880.7,15,10,71.2,1
8.0,68.1,47.5,891.8,11,8,62.7,0
13.4,71.3,56.3,896.5,12,9,77.0,0
29.7,37.0,22.6,903.3,6,4,60.3,0
50.9,57.8,46.8,913.2,5,7,60.6,0
59.3,61.5,57.8,897.7,9,7,64.1,1
49.2,111.1,85.3,880.9,15,12,82.6,1
111.2,97.7,87.2,908.1,9,13,82.7,1
134.0,104.2,99.3,907.1,12,12,83.3,1
36.2,115.1,91.4,875.0,17,12,78.6,1
20.0,63.8,46.0,898.0,9,6,66.7,0
159.9,137.8,100.0,878.9,15,14,82.3,1
96.3,130.7,100.0,890.0,16,14,80.3,1
91.7,119.6,100.0,887.2,14,14,90.5,1
28.7,50.8,39.8,907.7,5,6,63.5,0
79.4,121.3,97.6,899.4,14,15,91.1,1
49.5,121.1,94.5,882.6,14,13,88.7,1
42.4,62.5,57.4,908.6,8,7,61.2,0
42.4,99.2,82.0,880.8,17,11,79.0,1
63.5,73.3,64.9,902.0,9,8,81.3,1
113.5,135.6,100.0,888.2,13,15,86.0,1
160.0,146.6,100.0,893.6,15,15,79.8,1
32.8,49.3,38.7,904.1,7,6,66.7,0
51.5,75.0,67.9,904.3,9,8,57.4,1
41.6,34.2,29.3,914.0,4,4,49.6,0
60.7,97.1,84.1,897.0,12,14,84.2,1
37.9,88.3,65.4,901.7,11,10,72.8,1
26.1,86.8,62.9,892.7,11,11,76.9,1
32.8,68.4,55.8,900.2,10,8,80.6,1
29.1,54.6,50.9,903.3,8,6,62.3,0
40.1,68.8,53.7,896.8,8,7,61.1,0
14.4,97.0,58.1,876.4,17,9,66.4,1
29.5,47.3,30.1,902.0,6,5,56.3,0
60.3,98.5,80.3,902.4,9,14,76.9,1
60.0,88.8,64.5,889.8,15,11,79.2,1
53.6,107.2,79.6,882.6,13,11,77.6,1
107.3,76.5,70.3,915.7,7,11,78.6,1
61.9,67.4,44.8,903.9,6,7,69.4,1
105.0,125.3,100.0,895.3,14,13,85.1,1
160.0,156.2,100.0,884.4,16,17,84.3,1
80.7,114.2,85.5,888.1,13,12,76.9,1
14.4,42.0,27.9,913.6,5,4,54.8,0
55.1,82.3,61.2,899.7,8,10,81.3,1
49.6,93.4,75.9,891.4,12,10,81.8,1
119.7,152.6,100.0,904.1,11,15,84.4,1
41.2,103.1,77.4,888.2,12,13,75.5,1
23.2,68.1,48.8,916.0,4,8,68.4,0
30.9,69.2,51.6,914.2,6,10,71.1,0
15.0,72.4,48.0,892.4,11,8,66.9,0
1.0,58.3,35.0,890.5,10,6,69.1,0
151.5,150.3,100.0,875.0,17,17,94.2,1
45.4,104.6,74.3,880.2,15,13,78.5,1
16.3,91.1,75.1,881.9,13,12,74.6,1
126.6,102.2,87.9,899.6,9,13,72.8,1
140.3,108.5,83.2,894.1,12,12,82.0,1
50.8,90.3,68.6,881.9,14,10,74.7,1
13.7,69.8,43.5,894.6,9,8,70.8,0
31.5,71.4,55.6,904.1,8,7,64.5,0
38.0,56.0,45.1,904.3,7,6,55.5,0
46.5,107.0,83.1,875.2,16,11,76.1,1
18.2,90.4,66.5,896.5,11,9,77.0,1
85.1,120.8,96.5,881.4,15,14,84.5,1
5.2,40.3,22.0,908.8,4,4,66.1,0
94.3,55.9,53.3,907.4,7,6,63.3,0
107.4,150.0,100.0,887.2,17,18,100.0,1
34.0,96.7,82.6,888.8,14,11,88.1,1
42.7,88.7,68.1,892.5,11,9,64.8,1
116.0,159.0,100.0,875.0,17,19,94.3,1
70.3,90.5,77.2,902.0,9,10,70.3,1
34.9,69.7,62.1,894.7,14,8,57.2,1
38.2,73.2,55.2,909.6,7,8,70.2,0
63.8,103.7,86.5,884.8,13,13,84.0,1
142.9,135.3,100.0,890.6,13,14,85.4,1
39.1,81.9,65.5,879.9,14,9,62.9,1
34.1,106.4,85.3,885.9,13,13,90.9,1
46.3,93.5,66.7,883.8,14,10,61.7,1
46.5,55.3,43.5,910.0,7,9,62.3,0
56.2,98.0,82.6,889.6,13,11,81.1,1
42.8,69.5,58.7,899.5,9,7,66.5,0
97.9,132.8,100.0,893.4,13,15,83.3,1
21.8,80.2,64.3,882.8,14,8,67.7,0
60.6,99.3,77.7,896.0,12,10,73.8,1
62.3,88.0,82.7,905.2,8,13,88.5,1
23.4,109.8,82.0,883.5,15,12,71.3,1
60.2,79.6,50.1,907.7,6,10,74.8,1
63.4,108.3,84.8,887.8,15,11,82.3,1
2.7,46.2,30.8,892.2,8,4,50.2,0
20.0,64.0,52.3,904.4,8,7,64.3,0
122.3,108.4,92.9,890.0,14,12,78.2,1
28.3,84.2,69.4,898.5,10,10,63.3,1
16.3,60.7,48.2,894.2,9,6,63.6,0
7.6,81.3,53.7,899.6,9,13,83.5,0
18.4,110.6,80.4,875.0,17,12,87.6,1
41.5,117.5,85.6,876.0,16,12,78.5,1
15.2,53.2,40.9,905.4,5,5,61.6,0
71.0,66.6,53.9,910.4,6,9,79.0,1
23.1,77.3,58.6,887.1,11,8,63.5,1
56.5,62.3,51.2,895.1,10,7,57.5,1
111.2,115.2,97.5,901.5,13,15,87.7,1
106.8,97.8,95.6,906.3,9,11,74.6,1
55.9,111.4,85.5,875.0,17,15,86.5,1
17.3,66.5,40.1,887.4,11,7,62.1,0
43.6,73.6,63.7,894.0,10,9,65.2,0
57.2,75.6,67.2,906.4,7,8,73.0,1
160.0,114.9,95.5,928.0,4,15,86.9,1
7.5,71.1,48.0,895.3,11,7,78.1,0
43.7,86.1,69.7,881.1,15,11,69.6,1
69.3,99.5,83.5,902.8,11,13,93.4,1
49.0,69.5,56.6,913.9,5,9,72.0,0
52.9,102.3,80.5,899.3,12,13,81.5,1
24.3,116.1,81.2,887.1,12,12,72.0,1
84.1,73.9,53.0,909.5,6,8,63.4,1
46.5,75.5,70.7,906.0,8,9,77.8,1
52.7,95.9,71.0,885.7,12,10,57.0,1
90.1,91.1,78.9,902.6,8,12,67.8,1
35.7,69.0,53.4,910.0,7,8,57.7,1
103.1,111.8,99.2,912.2,10,13,88.4,1
14.7,87.3,64.6,897.2,9,10,77.1,1
54.9,85.1,69.2,893.7,11,12,72.5,1
23.0,51.8,27.0,912.7,4,8,64.6,0
18.1,96.4,66.8,883.5,13,12,79.4,1
141.9,74.6,77.9,903.3,8,10,79.1,1
15.5,89.3,68.9,881.6,15,9,64.1,1
47.2,69.1,51.3,910.8,8,8,68.2,1
14.4,53.3,32.0,894.9,8,7,62.5,0
99.0,88.8,78.4,913.2,10,10,72.4,1
33.0,63.5,35.4,903.9,5,8,62.0,0
89.8,142.2,100.0,883.3,15,16,91.1,1
67.7,71.0,69.3,915.1,9,10,68.3,1
160.0,110.3,100.0,916.6,7,14,84.8,1
11.7,43.3,34.9,908.6,6,7,74.0,0
19.9,73.3,56.4,888.9,11,9,76.5,0
86.6,89.3,66.5,894.3,11,9,78.5,1
56.8,77.6,59.8,899.7,9,9,72.1,1
37.7,81.9,62.2,889.6,13,9,77.0,1
151.2,112.5,98.8,918.3,7,13,70.6,1
44.8,73.7,57.2,899.7,10,9,60.0,0
23.8,122.7,97.0,875.0,17,13,75.4,1
90.5,80.9,68.1,902.1,9,9,64.6,1
45.9,88.0,67.5,893.8,13,11,82.1,1
48.6,72.1,62.0,897.1,10,9,61.1,0
71.6,106.6,79.2,893.6,12,12,70.5,1
73.5,68.5,55.3,907.7,6,8,66.7,1
19.6,83.0,58.1,911.4,6,10,73.8,1
36.1,91.8,70.7,901.4,11,10,78.3,1
13.2,81.5,58.0,893.9,11,8,65.8,0
57.3,95.8,74.9,897.5,12,11,74.7,1
140.3,136.7,100.0,898.2,11,15,92.3,1
20.4,70.3,47.5,888.4,11,9,64.8,0
10.9,59.3,46.7,904.9,6,9,70.9,0
27.1,77.1,57.0,903.5,7,8,70.8,1
37.5,30.1,30.0,916.5,2,3,51.2,0
73.9,90.4,69.5,913.1,6,9,75.4,1
34.6,79.1,57.9,889.8,12,10,67.9,0
58.1,78.1,62.9,907.8,10,9,79.6,1
30.4,83.2,62.8,886.6,12,11,73.9,1
39.1,72.5,61.0,906.4,7,9,67.6,1
23.1,65.9,48.0,891.8,10,7,55.8,0
17.3,94.4,73.2,885.7,15,11,69.1,1
75.7,98.3,82.8,901.4,10,12,73.7,1
32.1,111.0,82.9,875.0,16,19,91.4,1
61.0,124.9,92.9,877.0,16,14,77.1,1
22.8,59.0,49.0,895.9,9,8,67.7,0
45.0,64.5,47.8,899.0,9,6,65.4,0
5.3,64.0,46.0,893.6,12,8,69.1,0
34.0,118.7,88.9,879.0,18,13,62.2,1
24.9,67.1,50.3,888.2,10,9,64.0,0
96.4,125.4,100.0,902.7,11,14,91.0,1
14.9,38.5,25.4,905.0,7,4,48.1,0
40.3,70.5,47.9,897.8,8,9,69.5,0
56.8,64.6,61.3,911.9,6,7,58.0,1
87.7,117.2,93.7,902.8,11,13,89.2,1
79.9,129.6,100.0,889.0,13,17,87.8,1
42.7,89.7,69.3,894.6,11,9,74.3,1
47.2,78.5,68.1,881.2,15,10,68.7,1
96.3,110.0,100.0,896.7,15,14,69.6,1
42.1,45.8,39.6,911.3,7,5,61.8,0
50.9,62.7,51.3,906.2,12,7,53.1,0
98.4,67.9,57.2,914.8,6,9,64.7,1
160.0,138.4,100.0,894.4,14,14,95.4,1
54.1,38.2,26.3,914.2,3,5,77.8,0
64.7,90.4,69.7,895.7,11,9,70.3,1
78.3,84.5,61.1,915.7,5,12,73.3,1
97.8,98.7,90.0,897.7,11,14,84.4,1
89.2,98.7,85.4,906.5,10,11,67.9,1
28.5,42.0,32.8,915.7,5,4,53.7,0
56.6,94.6,81.0,895.7,13,12,88.2,1
89.6,75.3,61.4,900.6,9,8,68.7,1
111.3,118.3,96.4,913.5,9,14,75.7,1
40.4,71.5,47.0,896.4,8,8,69.8,1
55.7,123.2,99.5,882.1,15,16,79.5,1
60.2,58.1,46.1,923.7,4,7,53.3,0
46.1,63.4,51.9,892.4,11,7,69.2,0
54.7,113.8,93.8,899.9,13,12,74.0,1
160.0,150.7,100.0,911.9,7,16,99.2,1
39.1,74.4,58.4,890.7,13,8,61.1,1
41.4,84.8,68.2,885.9,14,10,80.4,1
9.7,50.4,32.6,901.0,8,6,71.6,0
8.0,105.6,84.4,876.5,16,13,82.3,1
63.1,92.5,74.2,894.5,14,11,74.0,1
89.8,89.8,77.5,900.9,9,11,72.2,1
79.2,89.9,73.5,894.8,14,12,75.4,1
22.8,89.4,72.7,879.5,15,10,63.4,1
76.2,58.5,53.9,917.1,3,6,65.6,1
40.9,78.7,65.7,899.2,10,9,73.8,1
33.7,63.4,51.7,915.2,6,8,66.0,0
13.5,62.2,45.0,894.9,10,7,64.8,0
25.2,87.7,70.5,887.4,13,10,70.3,1
64.2,134.4,100.0,901.2,13,16,82.5,1
56.2,101.7,75.7,895.4,11,12,70.8,1
50.5,98.1,72.1,883.9,13,12,75.2,1
4.6,33.0,24.8,915.6,3,4,53.8,0
50.9,128.2,100.0,890.5,15,16,96.7,1
28.2,82.4,70.8,875.9,15,9,74.2,1
56.5,72.7,51.1,913.9,5,7,73.8,1
99.7,111.2,93.8,891.9,13,13,85.5,1
31.7,78.4,62.7,890.7,11,8,57.9,1
48.3,120.5,94.0,876.8,18,14,75.3,1
150.7,79.9,84.2,918.9,6,10,66.6,1
54.5,105.5,86.2,882.5,18,12,76.5,1
44.1,98.2,71.3,898.7,10,12,73.9,1
23.1,69.0,47.3,909.0,5,8,71.6,0
77.6,76.3,67.3,903.1,11,8,74.5,1
19.8,72.7,59.4,897.3,8,10,65.8,0
102.6,160.3,100.0,877.6,16,17,82.7,1
70.3,119.6,87.4,888.3,16,13,91.3,1
29.0,56.9,39.4,900.3,9,6,63.2,0
23.7,66.2,53.9,888.6,11,7,61.4,1
24.2,55.6,41.3,900.4,8,7,74.1,0
8.2,70.9,52.0,906.2,7,7,72.1,0
62.1,63.0,59.3,909.6,8,7,61.1,1
5.4,97.5,63.9,883.3,12,10,78.2,1
42.0,39.6,32.3,924.4,1,6,68.7,0
40.0,61.2,46.7,907.2,6,8,72.4,1
34.9,93.4,73.2,898.0,10,10,80.6,1
61.8,65.8,59.7,911.1,5,8,61.7,1
29.1,40.6,25.7,926.4,2,5,59.2,0
51.0,91.1,72.2,880.7,17,11,85.7,1
102.6,128.5,100.0,895.3,11,14,81.9,1
66.9,130.3,93.0,875.0,18,14,80.3,1
32.6,64.4,50.2,900.3,11,7,65.3,1
45.1,86.1,61.7,902.4,8,9,60.7,1
34.9,91.6,66.9,897.5,10,9,72.2,1
39.6,72.8,45.0,890.1,9,7,54.6,0
52.1,110.0,92.7,875.0,18,12,86.2,1
13.0,68.6,48.8,902.5,10,8,57.7,0
10.1,24.4,14.8,915.5,2,3,58.5,0
21.4,100.3,75.9,890.9,13,10,68.6,1
63.8,97.3,73.3,903.3,8,10,66.7,1
69.9,141.7,100.0,879.2,15,17,92.8,1
77.0,108.7,96.1,903.5,10,14,86.0,1
22.2,81.9,70.4,893.3,14,10,73.6,1
48.1,114.9,85.6,888.9,13,13,83.4,1
33.4,97.0,79.0,888.9,12,10,77.1,1
40.9,70.4,57.8,893.3,11,8,55.3,0
32.9,58.3,39.2,902.6,7,6,62.6,0
54.2,101.0,75.0,882.3,17,11,67.6,1
26.2,82.1,69.8,893.2,11,11,68.2,1
95.3,96.9,75.8,897.5,10,11,69.2,1
95.8,120.8,100.0,884.8,14,13,69.6,1
62.5,72.7,58.0,919.6,5,9,70.1,1
88.1,111.9,100.0,887.8,13,12,68.0,1
12.5,66.4,47.4,890.0,10,7,67.0,1
98.9,112.4,98.5,886.3,16,12,87.7,1
58.4,47.0,49.0,919.6,4,5,68.4,0
27.5,68.9,59.9,904.6,12,8,60.9,0
25.3,74.6,53.7,886.8,12,8,60.3,0
121.0,95.4,81.4,911.3,9,14,88.9,1
77.8,92.5,76.8,900.4,10,11,76.1,1
40.1,71.1,49.9,901.1,13,9,69.8,0
12.3,69.4,52.2,893.9,10,10,65.2,0
102.2,156.2,100.0,889.0,17,16,90.5,1
17.4,57.1,48.5,902.1,8,7,69.8,0
33.9,80.3,59.1,891.5,11,10,68.4,1
40.0,41.5,26.7,919.8,5,7,67.4,0
25.0,84.8,70.8,882.8,13,14,85.2,1
38.7,60.8,49.8,916.4,5,9,66.3,0
44.6,111.5,85.8,896.7,10,14,83.9,1
38.1,64.4,56.8,901.6,8,7,58.3,0
56.1,104.9,87.1,908.0,7,12,83.7,1
123.8,138.9,100.0,890.4,16,14,78.0,1
12.9,51.9,36.4,908.4,5,7,61.0,0
50.2,118.6,86.0,875.0,17,13,86.8,1
17.6,66.3,42.3,889.4,13,6,58.7,0
11.7,63.3,49.5,886.9,14,8,61.8,0
83.7,136.1,100.0,883.0,16,14,85.3,1
53.2,94.7,78.9,895.4,10,12,89.4,1
11.0,53.2,45.7,902.6,7,6,68.8,0
38.7,50.5,45.4,906.4,5,6,65.5,0
21.5,77.0,62.1,900.9,10,9,76.2,0
39.7,72.3,46.8,890.0,12,7,67.7,0
71.6,110.5,87.4,902.4,12,13,82.8,1
66.7,65.2,61.0,899.5,8,7,70.1,0
33.1,76.1,53.1,909.2,6,9,72.3,0
86.3,103.0,86.4,907.3,7,13,81.1,1
107.8,113.2,99.0,898.4,10,13,82.5,1
72.4,106.1,88.2,887.2,14,12,80.6,1
28.9,93.2,72.2,890.2,13,12,80.4,1
40.7,77.2,63.8,891.4,11,10,75.2,1
121.3,142.4,100.0,894.2,14,15,81.1,1
35.0,52.2,34.9,901.2,13,7,63.4,0
66.9,62.4,56.8,906.6,7,7,57.0,0
24.7,78.2,60.5,897.4,14,8,69.0,0
86.7,92.1,71.0,898.2,11,10,75.1,1
22.4,52.5,47.5,899.7,9,6,69.7,0
42.0,78.2,64.4,891.8,10,9,72.0,1
65.3,97.7,72.1,886.9,12,13,79.2,1
137.3,145.7,100.0,876.9,16,15,84.5,1
52.6,89.0,68.1,889.7,11,10,76.9,1
36.7,73.9,55.0,903.7,9,9,66.1,0
34.7,91.0,71.1,889.6,13,11,76.7,1
84.2,96.0,75.8,895.1,12,11,81.5,1
61.7,80.7,72.1,903.6,8,10,85.1,1
70.6,85.3,76.2,904.2,11,13,88.3,1
115.9,139.1,100.0,885.0,17,16,86.6,1
46.8,53.7,45.2,910.0,6,7,60.1,0
58.8,57.5,54.3,911.5,7,8,71.2,1
34.3,93.9,70.3,884.4,13,10,71.7,1
23.9,59.4,42.0,888.1,10,7,55.7,0
27.9,65.5,56.5,912.3,7,12,94.2,0
3.2,52.0,38.9,896.2,8,6,62.8,0
64.8,117.7,89.7,875.0,17,12,86.1,1
60.4,102.1,79.3,881.2,15,13,79.4,1
63.9,82.7,64.5,895.0,13,12,78.4,1
22.6,86.5,74.8,884.0,18,9,71.1,1
28.3,99.7,74.9,893.0,15,10,71.4,1
27.6,75.0,58.1,898.4,8,9,65.6,0
92.3,68.2,65.8,915.5,8,9,83.4,1
51.2,83.0,60.4,894.5,9,8,69.5,0
46.4,61.8,56.2,910.9,7,8,57.9,0
75.0,44.9,40.0,915.1,4,8,68.0,0
27.7,35.6,38.5,915.2,3,5,50.4,0
57.8,93.6,73.4,901.4,8,11,70.7,1
148.7,180.0,100.0,875.0,18,17,93.2,1
101.8,126.8,92.6,903.5,11,13,84.6,1
57.2,86.8,64.2,910.6,8,12,63.5,1
47.7,64.0,51.0,897.0,10,8,77.7,0
63.5,40.2,27.8,918.9,3,5,55.0,0
111.0,82.4,78.0,908.3,8,9,68.9,1
106.0,107.4,93.6,904.8,12,13,90.6,1
123.0,97.2,82.4,911.0,7,12,88.9,1
53.2,57.8,48.9,902.0,8,6,58.1,1
5.3,115.1,86.3,875.0,18,12,85.0,1
142.1,129.0,100.0,892.0,13,15,88.0,1
23.9,47.4,30.8,912.4,4,4,72.1,0
74.2,110.8,87.9,888.3,12,14,80.2,1
5.5,54.6,39.6,895.3,9,7,74.5,0
45.7,89.7,70.1,885.5,12,10,69.5,1
35.1,29.5,30.6,919.4,1,3,47.0,0
123.2,114.6,100.0,918.2,6,14,82.4,1
57.7,97.4,81.1,887.4,13,13,71.6,1
45.4,67.6,47.7,899.8,9,10,67.4,0
62.2,117.2,93.1,889.8,14,15,85.1,1
1.8,56.6,38.8,905.4,8,5,57.5,0
27.2,48.2,45.6,904.1,6,6,67.3,0
30.6,58.7,47.1,907.7,7,7,69.5,0
68.9,85.9,67.8,902.0,9,12,78.4,1
19.6,45.3,39.3,933.2,0,6,51.4,0
51.6,98.9,80.6,885.7,15,11,63.0,1
42.3,93.3,68.3,877.5,16,10,69.8,1
28.4,58.7,44.1,893.3,12,8,62.4,0
29.9,84.3,62.5,879.2,13,11,72.2,1
42.0,108.3,89.1,880.1,16,12,88.3,1
7.4,93.1,68.1,886.0,13,11,72.2,1
75.7,92.7,80.6,886.9,12,11,70.6,1
23.8,83.4,60.2,886.5,12,10,73.0,0
36.8,57.8,48.1,904.2,8,6,58.7,0
120.3,134.1,100.0,891.9,14,15,90.6,1
76.6,112.1,89.1,895.8,12,13,82.9,1
16.7,21.9,18.6,908.7,3,4,67.3,0
1.3,76.8,47.8,888.8,11,7,62.8,1
64.0,120.4,91.0,894.8,13,14,95.8,1
37.9,81.6,61.8,902.4,7,8,71.6,0
51.9,108.0,78.9,875.0,16,12,81.8,1
74.9,155.6,100.0,875.0,17,16,77.9,1
82.9,83.7,67.5,902.2,9,10,60.2,1
32.5,59.5,50.9,903.9,6,7,54.9,0
41.5,47.8,41.0,922.8,3,6,63.1,0
59.0,82.5,67.4,899.9,9,10,77.5,1
61.7,72.5,68.0,907.8,7,10,76.2,1
51.5,96.4,64.7,895.7,11,10,73.2,1
111.9,121.0,100.0,901.6,10,13,86.8,1
61.2,61.0,47.0,918.0,3,10,80.2,0
74.2,125.3,90.1,875.0,16,13,79.6,1
54.6,69.2,51.2,903.0,8,9,73.5,1
19.5,31.3,25.2,923.6,1,4,58.5,0
27.1,58.4,41.8,901.4,8,6,66.6,0
16.0,21.6,22.2,917.8,1,3,55.4,0
89.0,136.7,100.0,890.4,12,14,85.8,1
10.9,57.7,40.9,897.6,7,7,61.0,0
40.2,85.2,64.8,898.4,9,9,71.4,1
33.9,82.7,63.2,875.0,16,9,68.2,1
33.2,76.9,57.4,884.0,16,9,63.8,1
35.5,78.9,56.9,884.8,11,8,69.2,1
125.5,120.2,100.0,907.9,8,13,75.3,1
6.8,17.7,10.5,908.5,3,1,47.5,0
103.0,105.7,88.4,901.9,11,13,79.2,1
37.8,62.5,52.1,907.9,6,9,66.8,0
79.3,77.3,68.3,896.0,9,9,78.6,1
47.5,69.2,51.7,912.4,5,7,74.4,1
17.6,74.2,59.0,898.1,11,10,71.2,0
109.4,110.6,97.4,898.7,12,12,84.6,1
98.7,95.0,83.0,894.8,13,10,63.5,1
18.8,78.3,56.2,906.2,8,9,63.1,1
67.3,87.4,69.9,892.9,13,10,72.6,1
28.1,40.4,31.8,909.7,4,5,52.6,0
11.4,72.7,47.0,884.4,11,10,75.3,0
23.8,91.7,68.3,884.8,13,9,71.9,1
105.3,82.0,78.3,906.2,9,10,72.7,1
80.6,100.3,87.6,896.9,10,13,95.6,1
35.8,69.8,52.9,892.6,11,9,72.4,0
105.6,75.7,74.8,908.7,12,9,73.7,1
93.9,118.1,100.0,890.7,12,13,84.3,1
23.8,80.1,58.7,895.6,10,10,67.6,0
122.3,79.9,78.4,914.8,6,10,84.7,1
33.7,56.8,34.0,916.5,3,6,53.4,0
37.3,40.8,28.2,916.9,4,6,63.5,0
7.0,53.3,39.3,894.6,9,5,63.5,0
27.7,57.9,40.1,912.8,4,7,70.5,0
40.4,117.5,99.5,886.6,15,14,82.3,1
55.7,114.3,92.3,887.1,14,13,85.9,1
17.6,110.4,85.7,875.0,18,13,75.1,1
24.8,37.5,30.1,918.1,6,6,71.8,0
124.0,146.1,100.0,887.6,14,18,94.4,1
89.9,88.4,73.5,896.5,11,10,70.0,1
100.8,103.8,89.9,887.1,14,11,72.0,1
43.0,78.0,58.5,906.3,6,10,74.8,1
56.8,86.2,72.9,893.5,11,10,63.5,1
68.3,127.4,100.0,882.3,14,15,92.3,1
122.9,128.8,100.0,903.3,10,15,83.4,1
11.2,83.9,52.0,880.8,13,12,86.4,1
30.0,92.0,78.2,888.0,12,15,79.5,1
53.3,97.8,76.2,875.0,18,10,73.8,1
47.7,95.7,88.5,880.9,16,13,84.7,1
24.5,79.0,62.9,900.1,9,9,74.2,0
64.4,122.7,95.5,875.0,17,13,78.3,1
30.9,94.3,73.7,880.2,14,10,65.6,1
45.2,100.9,68.2,898.0,11,10,70.3,1
62.4,100.2,85.4,891.5,11,14,91.2,1
32.1,36.7,43.7,921.9,1,4,68.8,0
76.2,39.5,29.0,920.0,1,6,52.1,0
85.6,116.2,93.7,887.6,13,12,74.2,1
25.3,54.3,41.7,904.7,6,7,54.2,0
30.7,87.7,71.1,907.0,7,9,66.9,1
20.0,56.3,53.4,890.8,11,6,58.0,0
44.5,108.8,85.7,880.1,16,12,71.4,1
55.6,72.4,70.3,897.9,9,12,88.6,1
34.5,71.8,56.9,895.9,10,8,74.3,0
54.6,72.4,61.7,892.8,11,10,74.5,1
30.1,75.9,59.9,903.3,9,9,69.5,1
30.9,64.9,56.7,889.0,11,9,75.6,1
57.7,93.3,72.6,884.2,17,11,69.8,1
32.5,78.7,64.7,899.3,9,8,68.8,1
42.8,78.8,56.1,902.6,10,9,66.6,1
59.1,95.5,75.1,883.9,14,10,87.1,1
54.0,74.2,57.4,909.1,6,8,59.3,0
30.4,95.7,72.8,876.8,16,10,71.4,1
91.3,90.6,76.3,891.1,13,11,68.0,1
0.8,64.6,51.5,894.9,11,8,71.9,0
66.3,80.9,62.8,890.4,12,8,71.9,1
53.3,84.6,59.3,891.2,11,10,68.8,1
17.7,61.7,39.6,920.5,2,6,54.3,0
48.5,94.8,79.4,887.8,14,10,70.7,1
27.2,49.0,33.9,927.3,3,5,54.8,0
63.0,74.2,64.0,903.2,7,8,67.8,1
1.3,58.9,40.4,899.1,9,6,71.5,0
36.9,66.9,57.0,903.7,8,8,71.4,1
29.4,34.9,28.0,928.4,0,3,58.0,0
76.4,126.7,100.0,886.1,17,15,87.0,1
7.3,107.0,86.4,884.6,15,12,94.5,1
46.3,84.4,65.2,888.9,13,11,76.5,1
65.7,92.3,73.0,898.4,9,11,80.2,1
137.4,133.4,100.0,877.3,17,16,96.4,1
30.8,60.0,41.8,898.3,9,7,64.3,0
56.3,74.0,60.6,918.3,3,9,71.4,1
7.9,75.8,55.0,899.8,10,9,66.8,0
44.6,74.6,59.5,894.5,10,9,70.3,1
95.6,126.5,95.3,890.6,13,15,95.8,1
138.3,105.6,98.0,908.8,9,14,91.2,1
60.0,108.9,81.3,888.1,13,11,79.9,1
10.5,54.0,47.0,920.2,4,7,70.1,0
105.6,94.7,75.7,921.2,5,10,72.8,1
10.6,50.5,37.7,901.1,8,5,64.7,0
16.2,60.3,34.0,897.9,7,7,63.7,0
111.3,77.2,60.6,910.4,6,9,60.4,1
42.3,56.3,42.0,911.1,5,8,78.4,0
28.1,78.9,56.6,888.3,14,9,69.0,0
71.8,87.8,80.3,891.7,11,11,82.1,1
50.4,101.2,79.0,882.1,14,11,73.6,1
90.1,76.6,74.2,902.9,9,10,56.9,1
52.1,81.9,63.9,906.0,10,10,72.6,1
52.9,106.5,86.4,881.8,15,12,67.5,1
88.1,135.6,100.0,892.5,13,14,88.7,1
41.9,97.4,71.3,881.8,13,10,71.6,1
21.5,85.9,55.0,887.2,13,10,80.3,1
74.6,122.9,99.9,904.6,10,13,82.8,1
35.9,69.9,56.2,889.2,10,7,58.4,0
55.0,97.5,81.2,894.4,13,13,85.4,1
6.1,96.1,70.0,878.5,16,11,66.4,1
40.6,54.1,54.5,900.2,9,6,60.0,0
29.7,70.0,55.0,897.5,10,7,53.4,0
5.8,64.7,51.7,889.3,10,8,69.5,0
41.6,85.5,65.2,895.7,10,10,74.5,1
42.6,49.7,37.0,900.2,10,6,62.6,0
57.8,97.6,81.4,888.2,12,11,70.2,1
94.6,94.9,81.0,880.3,16,10,81.1,1
84.9,89.9,80.6,919.7,9,12,84.1,1
31.4,55.6,45.9,890.4,9,7,66.0,0
51.2,85.8,64.5,896.8,10,9,66.7,1
63.6,66.1,61.8,910.1,5,10,70.9,1
32.1,41.5,29.9,935.0,0,5,58.9,0
11.6,79.7,61.3,883.1,12,8,60.8,0
38.3,93.9,78.7,903.4,9,10,78.1,1
97.2,100.2,83.7,889.5,14,13,89.0,1
11.1,81.6,65.2,891.5,12,10,83.3,1
19.6,99.1,75.1,889.4,11,11,73.7,1
23.5,110.8,86.3,884.5,15,13,89.7,1
19.8,62.0,42.7,897.5,9,7,73.2,0
72.1,113.5,92.3,880.3,17,12,74.8,1
27.2,49.6,32.2,909.4,6,8,61.4,0
73.3,86.0,80.5,898.7,11,13,87.9,1
46.3,68.7,45.5,903.1,7,9,66.9,1
8.5,62.6,43.9,892.4,14,7,60.2,0
32.7,78.4,55.8,893.6,11,9,75.1,1
86.5,128.7,100.0,901.5,12,14,75.9,1
50.1,100.5,88.3,884.0,13,13,78.7,1
34.6,85.7,69.2,893.7,12,10,61.8,1
97.9,108.4,100.0,887.7,15,12,73.6,1
18.0,85.5,56.4,887.3,15,8,63.5,0
28.0,102.3,70.2,875.0,15,10,68.5,1
81.3,64.4,53.3,914.1,5,8,64.8,1
71.1,102.4,83.8,889.8,12,11,63.5,1
16.6,54.3,35.9,912.0,5,5,53.0,0
62.2,64.4,51.2,910.8,6,9,78.3,1
26.8,86.9,68.6,882.6,14,9,72.0,1
5.5,72.9,46.3,884.9,14,8,64.3,0
35.2,62.8,44.1,928.7,1,7,60.7,0
143.9,112.7,99.4,919.0,8,15,91.6,1
87.5,131.6,100.0,897.6,13,14,84.7,1
43.3,87.4,73.5,901.1,9,10,66.3,1
10.4,61.8,40.8,890.4,9,6,58.6,0
5.7,45.1,29.2,903.2,6,4,48.8,0
46.4,78.9,65.8,889.4,11,9,66.0,1
59.4,125.4,100.0,875.0,18,13,85.5,1
72.6,120.7,100.0,882.1,16,16,93.3,1
67.1,93.0,78.3,898.3,14,13,87.6,1
71.0,104.4,85.2,884.4,13,11,76.7,1
54.5,82.4,69.4,897.2,10,10,63.9,1
96.5,137.1,100.0,885.1,14,15,79.5,1
29.7,70.7,53.2,888.6,12,7,67.4,0
45.9,72.8,49.6,908.2,10,7,65.2,1
8.5,44.0,36.9,901.0,9,5,52.0,0
29.2,80.5,62.4,897.9,10,9,68.1,0
86.0,68.6,65.4,908.5,7,9,81.6,1
69.5,68.5,44.9,903.8,7,7,70.2,1
3.4,48.4,34.5,915.4,6,6,70.8,0
150.7,180.0,100.0,892.5,14,17,85.5,1
50.2,100.6,86.3,892.8,13,14,94.2,1
50.8,108.5,87.6,882.4,16,13,78.3,1
27.7,74.7,58.3,892.9,13,9,79.6,0
32.8,65.8,49.4,909.6,8,7,66.7,0
49.8,60.5,52.3,913.6,8,7,68.4,1
66.9,70.1,55.0,909.5,5,8,71.6,1
56.3,127.9,98.5,876.5,18,14,84.8,1
29.5,77.7,56.6,911.0,7,9,73.7,1
21.3,99.3,84.9,875.9,17,11,69.7,1
20.0,46.3,43.1,908.8,7,5,58.2,0
90.4,127.3,100.0,893.6,14,14,88.9,1
83.4,88.4,67.7,906.4,8,9,70.9,1
62.8,120.5,99.1,882.0,17,14,82.1,1
89.9,77.5,69.3,912.1,8,10,74.4,1
40.8,105.2,86.8,880.4,16,12,70.4,1
78.7,129.4,100.0,890.0,13,16,96.1,1
65.0,135.7,100.0,886.0,14,15,74.5,1
80.1,148.4,100.0,876.9,16,15,86.9,1
18.3,61.2,37.1,899.1,9,6,66.4,0
2.7,21.2,11.6,919.7,1,4,56.7,0
54.0,81.1,67.4,930.0,1,10,70.2,1
34.3,68.0,59.0,899.2,10,7,71.2,0
4.3,39.5,25.9,911.4,4,6,57.7,0
99.9,119.3,99.3,900.8,12,15,97.1,1
83.5,93.5,70.7,904.0,11,10,71.7,1
57.3,104.9,90.2,893.9,14,13,79.9,1
22.4,92.1,74.2,900.3,10,12,83.0,1
8.1,44.5,36.0,904.4,6,5,57.1,0
4.2,79.2,58.8,891.1,12,9,70.8,1
29.0,66.8,59.4,897.1,10,7,68.0,1
71.7,108.7,83.7,897.3,11,11,68.4,1
34.5,66.3,47.5,907.9,6,7,68.3,0
63.3,100.3,85.8,885.2,14,11,65.6,1
65.4,62.7,59.2,897.4,10,8,67.3,1
71.0,27.9,24.4,920.9,2,3,51.3,0
6.6,39.7,26.4,912.0,4,6,53.9,0
24.2,25.7,30.3,914.2,3,3,63.5,0
62.5,109.3,88.9,898.3,11,13,82.4,1
114.0,109.6,98.6,901.9,11,15,83.1,1
94.1,95.3,75.8,910.0,9,10,73.9,1
55.2,52.3,48.6,916.7,5,8,82.3,0
100.5,146.2,100.0,875.0,18,15,81.0,1
55.0,91.9,63.4,882.2,12,12,82.5,1
10.8,74.3,57.9,913.7,5,9,64.7,0
70.2,98.5,87.5,894.7,11,12,81.5,1
96.2,145.5,100.0,889.9,14,16,85.8,1
136.9,163.8,100.0,883.0,15,16,88.8,1
28.3,68.3,61.2,891.3,14,9,71.1,0
16.6,101.1,73.1,881.2,15,11,83.7,1
78.9,61.8,55.3,923.1,4,9,61.4,1
59.9,100.6,88.7,897.7,11,14,94.4,1
56.3,82.1,64.9,897.3,10,10,61.5,1
101.5,120.1,97.0,905.1,11,15,89.0,1
78.7,70.2,65.6,909.5,6,9,70.6,1
63.9,73.8,58.3,909.4,6,8,66.6,1
31.3,107.5,80.2,910.9,8,11,76.0,1
74.5,111.5,83.6,890.4,12,12,81.7,1
15.9,64.1,48.7,894.4,9,8,70.2,0
54.8,68.3,57.0,907.2,6,7,63.5,1
43.7,119.9,96.3,891.7,14,14,88.4,1
10.2,71.9,56.8,897.9,11,8,66.0,0
60.1,67.5,59.6,902.8,8,8,68.0,1
28.4,70.7,56.3,907.4,7,10,79.9,0
59.1,125.6,97.5,876.7,17,14,91.3,1
20.2,68.2,54.3,906.6,8,9,76.5,0
79.2,111.6,85.4,895.2,10,13,75.2,1
125.4,83.7,66.3,906.5,7,12,81.2,1
15.9,56.6,48.3,907.3,7,7,67.4,0
20.1,41.9,36.1,917.3,3,5,69.6,0
13.5,26.9,20.4,914.2,2,3,58.2,0
38.1,65.3,57.3,914.2,5,7,60.8,0
58.4,79.5,61.4,915.3,6,11,73.5,1
71.5,93.9,73.7,901.5,8,11,60.5,1
54.1,104.6,78.0,898.4,10,11,75.3,1
70.0,65.5,59.7,908.5,9,10,70.8,0
42.6,71.0,48.7,906.8,9,9,67.1,1
28.1,76.8,54.8,894.3,10,8,62.7,1
20.6,95.7,72.3,902.9,8,11,85.0,1
39.2,75.2,53.1,897.6,9,8,51.3,1
21.0,96.0,67.8,887.8,13,11,68.2,1
